兒子未婚妻之伯叔父	nk
第一任妻之直系祖先	nk
第二任妻之堂兄弟	nk
外祖父的姐妹之夫	nk
第一任妻之堂兄弟	nk
私生子女之本生母	nk
第二任妻之曾祖	nk
妻之表兄弟姊妹	nk
唯一幸存的兒子	nk
妻之族兄弟姊妹	nk
妻之四世叔伯祖	nk
姪女未婚夫之父	nk
母亲的叔伯兄弟	nk
第三任妻之曾祖	nk
妻之六世叔伯祖	nk
私生子之本生父	nk
第一任妻之叔伯	nk
太高祖父的姊妹	nk
第二任妻之叔伯	nk
第一任妻之曾祖	nk
姑表兄弟之子	nk
妻之曾叔伯祖	nk
妻之姨表兄弟	nk
外祖父之兄弟	nk
第二任妻之祖	nk
直系後裔之夫	nk
得許娶其孫女	nk
妻之直系祖先	nk
姨表姊妹之夫	nk
同族晚輩之夫	nk
兄弟之八世孫	nk
第一任妻之祖	nk
同母異父姊妹	nk
姑表兄弟之孫	nk
許妻以曾孫女	nk
妻之十七世祖	nk
同母異父兄弟	nk
第三任妻之祖	nk
兄弟之九世孫	nk
得許娶曾孫女	nk
祖父之從兄弟	nk
第二任妻兄弟	nk
曾祖之從兄弟	nk
十二世伯叔祖	nk
妻之同族祖先	nk
二十二世祖	nk
三十五世孫	nk
二十四世孫	nk
二十七世祖	nk
五十七世孫	nk
十七世孫婿	nk
四十六世孫	nk
四十五世孫	nk
同母異父妹	nk
四十七世祖	nk
夫之從曾孫	nk
同族五世孫	nk
二十三世孫	nk
同族五世祖	nk
同母異父姊	nk
十世伯叔祖	nk
五十五世孫	nk
妻之甥女婿	nk
妻子的祖母	nk
同族四世祖	nk
四十六世祖	nk
二十八世孫	nk
妻之叔伯祖	nk
第四任妻父	nk
四十四世孫	nk
五十八代祖	nk
第一任妻父	nk
二十六世孫	nk
妻之七世祖	nk
二十一世孫	nk
姑母之曾孫	nk
七十三世孫	nk
五十六世孫	nk
岳母之外甥	nk
三十六世祖	nk
妻之五世祖	nk
四十四世祖	nk
五十六世祖	nk
過繼的嗣孫	nk
第五任妻父	nk
五世叔伯祖	nk
第二任丈夫	nk
三十八世孫	nk
五十七世祖	nk
二十九世孫	nk
得許娶其女	nk
二十五世孫	nk
八世叔伯祖	nk
姑父之姪孫	nk
二十三世祖	nk
五十五世祖	nk
妻姊妹之夫	nk
二十八世祖	nk
堂姊妹之子	nk
外孫女之子	nk
夫之曾姪孫	nk
六十八代祖	nk
伯叔曾祖母	nk
十二世姪孫	nk
曾孫女之子	nk
第一任女婿	nk
二十四世祖	nk
從玄孫女婿	nk
妻之堂兄弟	nk
第二任妻父	nk
第二任妻兄	nk
過繼的嗣子	nk
四十七世孫	nk
四十二世孫	nk
曾姪孫女婿	nk
二十五世祖	nk
二十七世孫	nk
姊妹之女婿	nk
三十八世祖	nk
第二任女婿	nk
高伯叔祖父	nk
同族四世孫	nk
五十三世孫	nk
姪孫女之夫	nk
四十二世祖	nk
從來孫女婿	nk
四世伯叔祖	nk
外祖姑之夫	nk
堂姊妹之夫	nk
伯叔祖母姪	nk
二十一世祖	nk
七世伯叔祖	nk
四十三世祖	nk
五十四世孫	nk
第一任丈夫	nk
二十六世祖	nk
二十二世孫	nk
九世叔伯祖	nk
五十四世祖	nk
第三任丈夫	nk
曾祖母之父	nk
四十三世孫	nk
同族六世祖	nk
同母異父弟	nk
七十三代祖	nk
族姊妹之夫	nk
幸存的長子	nk
三十五世祖	nk
姑父之從孫	nk
六十八世孫	nk
妻之外甥女	nk
五十三世祖	nk
許妻以孫女	nk
二十九世祖	nk
三十六世孫	nk
同母異父兄	nk
第三任妻父	nk
五十八世孫	nk
六世叔伯祖	nk
同族六世孫	nk
父或母之舅	nk
四十五世祖	nk
三十一世祖	nk
父之舅母	nk
母之舅母	nk
非親生父	nk
十九世祖	nk
十二世祖	nk
妻之叔伯	nk
妻之高祖	nk
外曾祖父	nk
姨表兄弟	nk
外孫之子	nk
曾伯叔祖	nk
第一任妻	nk
第四任妻	nk
弟之外孫	nk
十五世祖	nk
二十一子	nk
二十世孫	nk
妻之姑母	nk
五世孫婿	nk
十七世祖	nk
高祖姑母	nk
妻之從女	nk
堂伯叔母	nk
十一世祖	nk
夫之從孫	nk
妻之曾祖	nk
外高祖父	nk
堂姪曾孫	nk
夫之祖母	nk
十七世孫	nk
妾之兄弟	nk
丈夫之父	nk
曾姪孫女	nk
五十世孫	nk
從七世孫	nk
十一世孫	nk
太高曾祖	nk
同族晚輩	nk
夫之從子	nk
再從曾祖	nk
十三世孫	nk
十六世祖	nk
姨表姊妹	nk
十世姪孫	nk
三十世祖	nk
二十六子	nk
夫之姐妹	nk
太高祖母	nk
堂伯叔父	nk
十三世祖	nk
三十世孫	nk
許妻以女	nk
外孫女婿	nk
二十四子	nk
兒媳之父	nk
姪女之夫	nk
曾孫媳婦	nk
七世孫婿	nk
夫之姪孫	nk
妻之祖父	nk
兄弟之妻	nk
第二任妻	nk
姑表兄弟	nk
曾祖母姪	nk
二十世祖	nk
再從兄弟	nk
第三任妻	nk
十四世孫	nk
五十世祖	nk
女婿之父	nk
二十五子	nk
非親生女	nk
二十三子	nk
十五世孫	nk
太伯叔祖	nk
妾之叔伯	nk
姑母之孫	nk
曾孫女婿	nk
伯叔祖母	nk
妻之姨夫	nk
外甥孫婿	nk
二十二子	nk
直系後裔	nk
表姐妹婿	nk
同族長輩	nk
十四世祖	nk
十八世祖	nk
妻之外甥	nk
父之外祖	nk
夫之兄弟	nk
妻之母舅	nk
舅表兄弟	nk
六世從孫	nk
夫之祖父	nk
夫之曾祖	nk
十八世孫	nk
妻之從子	nk
十二世孫	nk
妻之姊妹	nk
非親生子	nk
再從曾孫	nk
直系祖先	nk
夫之從女	nk
十六世孫	nk
丈夫之母	nk
高曾祖母	nk
十九世孫	nk
玄孫女婿	nk
岳母之父	nk
非親生母	nk
十八世祖	nk
十六代祖	nk
十五代祖	nk
十三代祖	nk
十二世祖	nk
十二代祖	nk
十一代祖	nk
十一世祖	nk
四代祖母	nk
"曾祖考
"	nk
曾祖王父	nk
外叔祖母	nk
再從兄弟	nk
再從昆弟	nk
外曾大父	nk
外曾王父	nk
外曾祖父	nk
外伯祖母	nk
第十三子	nk
伯叔母	nk
未婚妻	nk
曾孫女	nk
曾祖母	nk
姪昆孫	nk
五世孫	nk
十世祖	nk
姊妹夫	nk
族兄弟	nk
高祖母	nk
伯祖父	nk
姨表兄	nk
從母妹	nk
四世孫	nk
四女婿	nk
夫堂姪	nk
七女婿	nk
妾之女	nk
十四子	nk
孫之妻	nk
族侄媳	nk
五女婿	nk
十二女	nk
內兄弟	nk
族曾祖	nk
九世祖	nk
繼姊妹	nk
從姪女	nk
太曾祖	nk
二女婿	nk
曾祖姑	nk
玄孫女	nk
七世孫	nk
妾之父	nk
從曾孫	nk
妻兄弟	nk
六世祖	nk
六女婿	nk
本生祖	nk
舅表兄	nk
九世孫	nk
十二子	nk
姑表兄	nk
姑表弟	nk
表叔伯	nk
十七子	nk
孫女婿	nk
八世祖	nk
外祖母	nk
高曾祖	nk
五世祖	nk
妾之子	nk
族祖父	nk
繼孫子	nk
六世孫	nk
叔祖父	nk
長女婿	nk
始遷祖	nk
十三女	nk
再從孫	nk
伯叔祖	nk
族曾孫	nk
十五子	nk
外玄孫	nk
姨表弟	nk
十八子	nk
再從父	nk
再從弟	nk
私生孫	nk
姪孫女	nk
妻舅祖	nk
十三子	nk
外孫女	nk
姪媳婦	nk
表姐妹	nk
始祖母	nk
從玄孫	nk
十六子	nk
十一女	nk
外祖父	nk
第一子	nk
四世祖	nk
十四女	nk
堂姪女	nk
從姊妹	nk
甥女婿	nk
太祖母	nk
堂姪孫	nk
八女婿	nk
堂兄弟	nk
曾姪孫	nk
族祖姑	nk
從曾祖	nk
三女婿	nk
私生女	nk
伯叔父	nk
私生子	nk
從兄弟	nk
太高祖	nk
十世孫	nk
未婚夫	nk
舅表弟	nk
嗣祖父	nk
祖母姪	nk
從來孫	nk
再從祖	nk
二十子	nk
九女婿	nk
八世孫	nk
族姊妹	nk
十九子	nk
繼兄弟	nk
再從兄	nk
十一子	nk
七世祖	nk
表兄弟	nk
六代祖	nk
十代祖	nk
十世祖	nk
九世祖	nk
八世祖	nk
七世祖	nk
六世祖	nk
五世祖	nk
五代祖	nk
四世祖	nk
四代祖	nk
高祖母	nk
曾大父	nk
大王父	nk
曾王父	nk
皇曾祖	nk
曾大考	nk
曾伯祖	nk
曾叔祖	nk
曾祖母	nk
曾祖妣	nk
曾大母	nk
曾王母	nk
曾祖姑	nk
先祖考	nk
先大父	nk
先王父	nk
皇祖考	nk
大王母	nk
從祖母	nk
繼祖母	nk
叔祖母	nk
從祖姑	nk
伯祖父	nk
伯祖母	nk
叔祖父	nk
叔祖母	nk
從伯祖	nk
再從伯	nk
再從叔	nk
再從舅	nk
再從姑	nk
同母弟	nk
同母姊	nk
再從兄	nk
從堂兄	nk
再從弟	nk
再從妹	nk
再從姊	nk
前夫人	nk
今夫人	nk
後夫人	nk
先夫人	nk
仲子婦	nk
再從子	nk
再從姪	nk
侄女婿	nk
表甥女	nk
從伯父	nk
從叔父	nk
從伯姑	nk
從孫女	nk
再從孫	nk
孫女婿	nk
外孫男	nk
外孫女	nk
姪孫女	nk
外甥女	nk
曾孫男	nk
曾孫女	nk
曾姪孫	nk
曾孫婿	nk
外曾孫	nk
四世孫	nk
外祖父	nk
外王父	nk
外大父	nk
外王母	nk
外祖母	nk
外叔祖	nk
外伯祖	nk
再從舅	nk
第二子	nk
第三子	nk
第四子	nk
第五子	nk
第六子	nk
第七子	nk
第八子	nk
第十子	nk
外伯父	nk
外叔父	nk
外大祖	nk
外曾祖	nk
嗣子	nk
族人	nk
養子	nk
後裔	nk
九子	nk
長兄	nk
表姪	nk
獨女	nk
養父	nk
子婦	nk
祖母	nk
養母	nk
長女	nk
四女	nk
姪女	nk
舅婆	nk
族姊	nk
妻子	nk
從子	nk
從女	nk
兒媳	nk
八女	nk
岳母	nk
妹夫	nk
孫女	nk
族子	nk
繼母	nk
伯父	nk
未詳	nk
前母	nk
次子	nk
繼祖	nk
二女	nk
叔祖	nk
五子	nk
三女	nk
外甥	nk
九女	nk
繼兄	nk
從孫	nk
族弟	nk
公公	nk
三子	nk
長子	nk
繼姊	nk
祖姑	nk
曾孫	nk
表親	nk
太祖	nk
族兄	nk
季子	nk
八子	nk
女婿	nk
叔父	nk
甥孫	nk
姊妹	nk
庶子	nk
妻姊	nk
表弟	nk
來孫	nk
族姑	nk
表姐	nk
養女	nk
獨子	nk
從祖	nk
妻兄	nk
六子	nk
姑父	nk
繼弟	nk
曾祖	nk
繼女	nk
族女	nk
玄孫	nk
嗣父	nk
十子	nk
從姪	nk
妻妹	nk
兄弟	nk
姨父	nk
重孫	nk
繼子	nk
繼妹	nk
高祖	nk
族孫	nk
嗣母	nk
庶母	nk
從妹	nk
七子	nk
季弟	nk
從姊	nk
婆婆	nk
族父	nk
堂姪	nk
祖父	nk
姑母	nk
姻親	nk
繼父	nk
甥女	nk
連襟	nk
母舅	nk
舅公	nk
七女	nk
姪子	nk
始祖	nk
從父	nk
從母	nk
四子	nk
族妹	nk
從兄	nk
妻弟	nk
姪孫	nk
堂舅	nk
嫡母	nk
姐夫	nk
丈夫	nk
六女	nk
仍孫	nk
女兒	nk
表兄	nk
雲孫	nk
從弟	nk
十女	nk
岳父	nk
表妹	nk
五女	nk
昆孫	nk
伯祖	nk
外孫	nk
遠祖	nk
其先	nk
高祖	nk
曾祖	nk
先祖	nk
大父	nk
王父	nk
大考	nk
從祖	nk
族祖	nk
祖母	nk
王母	nk
大母	nk
祖妣	nk
祖姑	nk
伯祖	nk
叔祖	nk
皇考	nk
先父	nk
先考	nk
伯父	nk
世父	nk
叔父	nk
伯母	nk
叔母	nk
族父	nk
族母	nk
仲姑	nk
從姑	nk
皇妣	nk
先妣	nk
後母	nk
繼母	nk
嫡母	nk
生母	nk
庶母	nk
長兄	nk
次兄	nk
長弟	nk
次弟	nk
季兄	nk
幼弟	nk
仲父	nk
堂兄	nk
從兄	nk
從弟	nk
堂弟	nk
族兄	nk
族弟	nk
從嫂	nk
妹婿	nk
堂姊	nk
堂妹	nk
姊夫	nk
夫人	nk
嗣子	nk
长子	nk
次子	nk
仲子	nk
幼子	nk
庶子	nk
冢婦	nk
伯子	nk
仲子	nk
季子	nk
长女	nk
仲女	nk
次女	nk
幼女	nk
長婿	nk
次婿	nk
侄子	nk
从子	nk
堂侄	nk
甥女	nk
表甥	nk
從妹	nk
從姊	nk
從伯	nk
從父	nk
從叔	nk
從舅	nk
姨母	nk
孫男	nk
男孫	nk
孫女	nk
女孫	nk
嫡孫	nk
長孫	nk
從孫	nk
孫妇	nk
孫婿	nk
外孫	nk
姪孫	nk
外甥	nk
曾孫	nk
玄孫	nk
來孫	nk
外舅	nk
外姑	nk
母舅	nk
外祖	nk
姨母	nk
從舅	nk
從妗	nk
表兄	nk
表弟	nk
表妹	nk
表姊	nk
外舅	nk
外姑	nk
妻兄	nk
妻弟	nk
妻甥	nk
甥男	nk
甥女	nk
元昆	nk
亞弟	nk
季弟	nk
季兄	nk
仲兄	nk
仲弟	nk
叔弟	nk
子男	nk
男子	nk
女子	nk
子女	nk
許嫁	nk
許歸	nk
許適	nk
母	nk
妹	nk
父	nk
妾	nk
弟	nk
孫	nk
姊	nk
翁	nk
伯	nk
兄	nk
姨	nk
叔	nk
子	nk
祖	nk
父	nk
考	nk
姑	nk
母	nk
妣	nk
兄	nk
弟	nk
嫂	nk
姐	nk
姊	nk
妹	nk
妻	nk
妾	nk
子	nk
侄	nk
甥	nk
姨	nk
孫	nk
舅	nk
舅	nk
姑	nk
姨	nk
婿	nk
男	nk
女	nk
嫁	nk
適	nk
歸	nk
娶	nk
取	nk
配	nk
