宣仁聖烈公	nz
安格公	nz
安恭公	nz
安惠公	nz
安簡公	nz
安恪公	nz
安僖公	nz
安毅公	nz
安懿公	nz
冊文公	nz
成恭公	nz
成肅公	nz
沖惠公	nz
沖穆公	nz
沖僖公	nz
沖獻公	nz
沖懿公	nz
純僖公	nz
慈辯公	nz
慈惠公	nz
慈懿公	nz
悼敏公	nz
悼穆公	nz
悼肅公	nz
悼獻公	nz
定愍公	nz
定肅公	nz
定獻公	nz
端節公	nz
端潔公	nz
端靖公	nz
端肅公	nz
端憲公	nz
端獻公	nz
端孝公	nz
敦惠公	nz
剛簡公	nz
剛愍公	nz
恭安公	nz
恭懷公	nz
恭惠公	nz
恭簡公	nz
恭節公	nz
恭靖公	nz
恭靜公	nz
恭敏公	nz
恭愍公	nz
恭榮公	nz
恭淑公	nz
恭肅公	nz
恭僖公	nz
恭憲公	nz
恭獻公	nz
恭襄公	nz
恭孝公	nz
恭毅公	nz
恭翼公	nz
恭懿公	nz
恭裕公	nz
恭莊公	nz
和惠公	nz
和靖公	nz
和文公	nz
和懿公	nz
懷僖公	nz
惠安公	nz
惠定公	nz
惠和公	nz
惠簡公	nz
惠節公	nz
惠恪公	nz
惠穆公	nz
惠憲公	nz
惠獻公	nz
惠孝公	nz
惠懿公	nz
惠正公	nz
嘉晟公	nz
簡惠公	nz
簡穆公	nz
簡肅公	nz
簡脩公	nz
簡翼公	nz
節愍公	nz
節肅公	nz
節毅公	nz
介隱公	nz
景思公	nz
景肅公	nz
景文公	nz
景獻公	nz
景襄公	nz
景莊公	nz
靖惠公	nz
靖肅公	nz
靖文公	nz
靜和公	nz
康懷公	nz
康惠公	nz
康簡公	nz
康節公	nz
康靖公	nz
康理公	nz
康敏公	nz
康穆公	nz
康肅公	nz
康憲公	nz
康獻公	nz
康孝公	nz
康懿公	nz
立靖公	nz
廉獻公	nz
良定公	nz
良格公	nz
良惠公	nz
良僖公	nz
良孝公	nz
烈武公	nz
敏達公	nz
敏恭公	nz
敏節公	nz
敏恪公	nz
敏肅公	nz
愍節公	nz
愍忠公	nz
明德公	nz
謬醜公	nz
謬狠公	nz
穆恪公	nz
穆武公	nz
穆孝公	nz
普覺公	nz
勤惠公	nz
勤節公	nz
勤威公	nz
勤僖公	nz
勤毅公	nz
清惠公	nz
清簡公	nz
清節公	nz
清敏公	nz
清憲公	nz
清獻公	nz
清孝公	nz
清毅公	nz
清正公	nz
清忠公	nz
仁懷公	nz
榮安公	nz
榮恩公	nz
榮恭公	nz
榮節公	nz
榮恪公	nz
榮靈公	nz
榮密公	nz
榮敏公	nz
榮穆公	nz
榮僖公	nz
榮禧公	nz
榮憲公	nz
榮易公	nz
榮毅公	nz
榮縱公	nz
淑德公	nz
思恪公	nz
肅簡公	nz
肅愍公	nz
通惠公	nz
通靖公	nz
威定公	nz
威敏公	nz
威愍公	nz
威肅公	nz
威質公	nz
溫成公	nz
溫靖公	nz
溫肅公	nz
文安公	nz
文達公	nz
文定公	nz
文端公	nz
文恭公	nz
文和公	nz
文惠公	nz
文簡公	nz
文節公	nz
文介公	nz
文靖公	nz
文康公	nz
文恪公	nz
文釐公	nz
文烈公	nz
文敏公	nz
文墨公	nz
文穆公	nz
文清公	nz
文肅公	nz
文僖公	nz
文憲公	nz
文獻公	nz
文孝公	nz
文修公	nz
文毅公	nz
文懿公	nz
文隱公	nz
文友公	nz
文元公	nz
文遠公	nz
文昭公	nz
文貞公	nz
文正公	nz
文直公	nz
文質公	nz
文忠公	nz
文莊公	nz
武安公	nz
武恭公	nz
武惠公	nz
武節公	nz
武康公	nz
武恪公	nz
武烈公	nz
武穆公	nz
武順公	nz
武肅公	nz
武僖公	nz
武憲公	nz
武襄公	nz
武毅公	nz
武懿公	nz
武忠公	nz
武莊公	nz
武壯公	nz
僖安公	nz
僖簡公	nz
僖節公	nz
僖靖公	nz
僖敏公	nz
僖穆公	nz
僖溫公	nz
僖質公	nz
賢節公	nz
賢靖公	nz
賢肅公	nz
賢懿公	nz
顯恭公	nz
顯仁公	nz
顯肅公	nz
憲成公	nz
憲節公	nz
憲靖公	nz
憲敏公	nz
憲聖公	nz
獻惠公	nz
獻簡公	nz
獻敏公	nz
獻愍公	nz
獻肅公	nz
獻文公	nz
襄悼公	nz
襄節公	nz
襄靖公	nz
襄烈公	nz
襄敏公	nz
襄閔公	nz
襄愍公	nz
襄榮公	nz
襄毅公	nz
孝定公	nz
孝簡公	nz
孝節公	nz
孝靖公	nz
孝敏公	nz
孝明公	nz
孝穆公	nz
孝齊公	nz
孝肅公	nz
孝溫公	nz
孝憲公	nz
孝章公	nz
修簡公	nz
修敏公	nz
修孝公	nz
修懿公	nz
宣惠公	nz
宣簡公	nz
宣靖公	nz
宣敏公	nz
宣憲公	nz
宣獻公	nz
宣懿公	nz
夷介公	nz
宜獻公	nz
義烈公	nz
義壯公	nz
毅節公	nz
毅敏公	nz
毅肅公	nz
毅武公	nz
懿德公	nz
懿恭公	nz
懿簡公	nz
懿靖公	nz
懿恪公	nz
懿敏公	nz
懿穆公	nz
懿順公	nz
懿肅公	nz
欽成公	nz
欽慈公	nz
英惠公	nz
勇節公	nz
元德公	nz
元惠公	nz
元靖公	nz
元穆公	nz
元憲公	nz
元獻公	nz
元懿公	nz
章懷公	nz
章惠公	nz
章簡公	nz
章靖公	nz
章敏公	nz
章穆公	nz
章獻公	nz
章懿公	nz
昭成公	nz
昭慈公	nz
昭懷公	nz
昭節公	nz
昭靜公	nz
昭淑公	nz
昭肅公	nz
昭憲公	nz
昭裕公	nz
貞惠公	nz
正惠公	nz
正簡公	nz
正節公	nz
正介公	nz
正愍公	nz
正肅公	nz
正憲公	nz
正獻公	nz
質肅公	nz
忠安公	nz
忠定公	nz
忠果公	nz
忠懷公	nz
忠惠公	nz
忠簡公	nz
忠節公	nz
忠潔公	nz
忠介公	nz
忠靖公	nz
忠恪公	nz
忠良公	nz
忠烈公	nz
忠敏公	nz
忠愍公	nz
忠穆公	nz
忠清公	nz
忠確公	nz
忠肅公	nz
忠威公	nz
忠文公	nz
忠武公	nz
忠僖公	nz
忠顯公	nz
忠憲公	nz
忠獻公	nz
忠襄公	nz
忠宣公	nz
忠毅公	nz
忠隱公	nz
忠勇公	nz
忠佑公	nz
忠壯公	nz
莊定公	nz
莊懷公	nz
莊惠公	nz
莊簡公	nz
莊靖公	nz
莊恪公	nz
莊敏公	nz
莊愍公	nz
莊穆公	nz
莊肅公	nz
莊文公	nz
莊武公	nz
莊獻公	nz
莊孝公	nz
莊懿公	nz
壯節公	nz
壯敏公	nz
壯愍公	nz
壯武公	nz
成公	nz
純公	nz
悼公	nz
介公	nz
敬公	nz
恪公	nz
良公	nz
密公	nz
榮公	nz
思公	nz
肅公	nz
文公	nz
獻公	nz
襄公	nz
宣公	nz
懿公	nz
元公	nz
正公	nz
忠公	nz
莊公	nz
