同提舉成都府利州陝西等路茶場公事兼提舉陝西買馬監牧公事	no
同管勾成都府利州陝西等路茶事兼提舉陝西等路買馬監牧公事	no
都大提舉成都府利州等路茶事兼提舉四川等路買馬監牧公事	no
都大提舉成都府利州陝西等路兼提舉陝西等路買馬公事	no
總領四川財賦軍馬錢糧所幹辦行在分差戶部魚關糧料院	no
總領四川財賦軍馬錢糧所幹辦行在分差戶部利州糧料院	no
都大提舉成都府利州陜西等路茶事司兼提舉陜西買馬	no
總領湖廣江西京西路財賦湖北京西軍馬錢糧所	no
秦鳳路馬步軍都部署兼經略安撫沿邊招討使	no
涇原路馬步軍都部署兼經略安撫沿邊招討使	no
鄜延路馬步軍都部署兼經略安撫沿邊招討使	no
環慶路馬步軍都部署兼經略安撫沿邊招討使	no
淮南江浙荊湖制置發運使兼經制兩浙江東路	no
淮南江浙荊湖制置茶鹽礬稅兼都大發運都监	no
都大提舉成都府利州秦鳳熙河等路茶場司	no
陜西馬步軍都部署兼經略安撫沿邊招討使	no
淮南江浙荊湖制置茶鹽礬稅兼都大發運使	no
銀青光祿大夫國子祭酒兼監察御史武騎尉	no
制置淮南江浙荊湖茶鹽礬稅兼都大發運事	no
同陜西馬步軍都部署兼經略安撫招討使	no
提舉常平廣惠倉兼管勾農田水利差役事	no
都大提舉成都府利州陜西等路茶事司	no
陜西四路都部署經略安撫沿邊招討使	no
提舉措置江淮荊浙福建廣東路銅事所	no
淮南江浙荊湖都大制置茶鹽发运副使	no
江浙京湖淮廣福建等路都大發運使司	no
都大管幹成都府等路茶馬事兼司馬	no
總領兩淮浙西江東財賦軍馬錢糧所	no
鄂州江陵府駐扎御前諸軍副都統制	no
提舉陜西等路買馬監牧司勾當公事	no
都大提舉成都府永興軍等路榷茶司	no
總領浙西江東財賦淮東軍馬錢糧所	no
都大提舉在京諸司庫務司勾當公事	no
浙江東路提舉鹽事司分司幹辦公事	no
管勾兖州仙源縣景靈宮太極觀公事	no
河北兵馬大元帥府都統制五軍兵馬	no
江浙京湖淮廣福建等路都大發運使	no
經略安撫都總管司書寫機宜文字	no
權發遣提舉三司帳司勾院磨勘司	no
詳定一司敕令所都大提舉諸司官	no
淮南江浙荊湖都大制置發運使司	no
都大經制熙河蘭會路邊防財用司	no
四川總領所分差戶部魚關糧料院	no
鄂州江陵府駐扎御前諸軍都統制	no
勾當通進銀臺事兼門下封駁公事	no
翰林天文局司辰額内瞻望局學生	no
經略安撫都總管司管勾機宜文字	no
御前都統司軍級以下九等統兵官	no
同管勾經制熙河路邊防財用事	no
殿前司捧日天武四廂都指揮使	no
江淮荊浙閩廣等路經制發運使	no
提領榷貨務都茶場所幹辦公事	no
提舉陜西等路監牧及買馬公事	no
詳定一司敕令所都大提舉諸司	no
南京侍衛親軍馬步軍都指揮使	no
御前忠佐軍頭引見司祗候軍員	no
馬步軍龍衛神衛四廂都指揮使	no
侍衛親軍司馬步軍副都指揮使	no
權管勾三司都理欠憑由司公事	no
知通進銀臺司兼門下封駁公事	no
同管干丹坊慶成軍管界捉賊使	no
都大提點坑冶鑄錢司幹辦公事	no
提舉義勇保甲司兼提點刑獄司	no
瑞思殿御前文字外庫書寫文字	no
江南淮南荊湖兩浙路發運使	no
江淮等路提點坑冶鑄錢公事	no
河北兵馬大元帥府隨軍應副	no
侍衛親軍步軍司副都指揮使	no
沿江水軍制置使司幹辦公事	no
三門白波黃渭河水路發運使	no
分差鎮江府諸軍諸司糧料院	no
天文院司辰額內瞻望局學生	no
制敕院五房沿堂五院副行首	no
陜西都大管勾走馬承受公事	no
知會稽縣事兼主管攢宮事務	no
御營宿衛使司先鋒軍都統制	no
御前忠佐軍頭司祗候散員班	no
御營宿衛使司書寫機宜文字	no
尚書省六部諸司郎中員外郎	no
侍衛親軍司馬步軍都指揮使	no
經略安撫使兼馬步軍都總管	no
右金吾都監兼勾當街仗司事	no
御前忠佐軍頭司散員班將校	no
主管侍衛親軍馬軍行司公事	no
管勾北京留守司御史臺公事	no
內侍省內侍班院右班副都知	no
某路都總管司走馬承受公事	no
廣南西路經略安撫都總管司	no
兩浙轉運司催促起發物斛官	no
主管建康府行宮留守司公事	no
監某地戶部贍軍酒庫所糴場	no
宣撫處置使司主管機宜文字	no
詳定省曹寺監條貫所刪定官	no
管勾南京留守司御史臺公事	no
詳定編修三司敕令所刪定官	no
經略安撫使兼馬步軍都部署	no
廣南東路經略安撫都總管司	no
渾儀所司辰額內瞻望局學生	no
同提點開封府界諸縣鎮公事	no
左金吾都監兼勾當街仗司事	no
吏部侍郎左選主簿上案下案	no
制置三司條例司相度利害官	no
提舉興修永興軍三白渠公事	no
同知閤門事兼客省四方館事	no
同提舉三司帳司勾院磨勘司	no
經制熙河蘭會路邊防財用司	no
內侍省內侍班院左班副都知	no
提舉中太一宮兼集禧觀公事	no
提舉陜西成都府等路茶馬司	no
侍衛親軍馬軍司副都指揮使	no
吏部侍郎右選生事上案下案	no
都大提舉茶事司買馬監牧司	no
御營宿衛使司隨軍都轉運使	no
紹興府大宗正行司主管財用	no
管勾西京留守司御史臺公事	no
中書門下省檢正諸房公事	no
諸路回易總領司主管文字	no
主管侍衛親軍馬軍司公事	no
侍衛親軍馬軍司都指揮使	no
權發遣三司度支判官公事	no
環慶路都總管經略安撫司	no
尚書省禮部膳部司員外郎	no
宣撫使司同提舉一行事務	no
權發遣三司戶部副使公事	no
同都大提舉在京諸司庫務	no
鄂州江陵府駐扎御前諸軍	no
措置河北糴便司勾當公事	no
御營副使下書寫機宜文字	no
河東路經略安撫都總管司	no
尚書省刑部刑部司員外郎	no
提舉常平倉農田水利差役	no
勾當御前忠佐軍頭引見司	no
提舉開封府界諸縣鎮公事	no
鄜延路都總管經略安撫司	no
主管尚書省戶部架閣文字	no
主管尚書省禮部架閣文字	no
提舉陝西等路買馬監牧司	no
幹辦御前忠佐軍頭引見司	no
權簽書經略安撫判官公事	no
提舉秦鳳等路買馬監牧司	no
御制御札名賢墨蹟圖畫庫	no
都大提舉在京諸司庫務司	no
內侍省內侍班院左班押班	no
製造御前軍器所幹辦公事	no
侍衛親軍步軍司都指揮使	no
御前忠佐馬步軍副都軍頭	no
陜西沿邊經略安撫招討司	no
看詳編修中書門下條例所	no
內侍省內侍班院右班押班	no
尚書省工部屯田司員外郎	no
點檢行在贍軍激賞酒庫所	no
尚書省吏部主客司員外郎	no
宣撫處置使司隨軍轉運使	no
總領四川財賦軍馬錢糧所	no
主管某路提舉市舶司公事	no
陜西買馬監牧司勾當公事	no
尚書省工部工部司員外郎	no
御前忠佐軍頭引見司步直	no
四川總領財賦司幹辦公事	no
權發遣三司鹽鐵判官公事	no
開封府界提點諸縣鎮公事	no
主管御前忠佐軍頭引見司	no
侍衛親軍步軍副都指揮使	no
權發遣三司度支副使公事	no
內侍省內侍班院右班都知	no
許埔駐扎御前水軍都統制	no
兵部吏部司封司勳官告院	no
尚書省刑部比部司員外郎	no
尚書省工部虞部司員外郎	no
尚書省戶部倉部司員外郎	no
尚書省戶部度支司員外郎	no
吏部尚書右選奏薦賞功案	no
管勾轉運使計度糧草公事	no
尚書省刑部都官司員外郎	no
尚書省刑部司門司員外郎	no
提點中書制敕院五房公事	no
尚書省戶部金部司員外郎	no
內侍省內侍班院左班都知	no
入內內侍省內東頭供奉官	no
提點開封府界諸縣鎮公事	no
入內內侍省內西頭供奉官	no
御前忠佐軍頭引見司馬直	no
主管三省樞密院架閣文字	no
主管侍衛親軍步軍司公事	no
總領湖廣江西京西路財賦	no
河北兵馬大元帥府參議官	no
提點開封府諸縣刑獄公事	no
主管尚書省吏部架閣文字	no
侍衛親軍司馬步軍都虞候	no
御營宿衛使司前軍都統制	no
秦鳳路經略安撫都總管司	no
沿江水軍制置使司參議官	no
知閤門事兼客省四方館事	no
江淮等路提點坑冶鑄錢司	no
天武右廂第三軍都指揮使	no
經制某路幹辦常平等公事	no
尚書省吏部考功司員外郎	no
都督府主管書寫機宜文字	no
尚書省禮部祠部司員外郎	no
御前諸軍都統制司計議官	no
制置三司條例司檢詳文字	no
勸農副使兼提點刑獄公事	no
提領三榷貨務兼都茶場所	no
總領淮西江東軍馬錢糧所	no
吏部尚書右選注擬掌闕案	no
涇原路都總管經略安撫司	no
權發遣三司鹽鐵副使公事	no
提舉常平茶鹽司幹辦公事	no
提點御前忠佐軍頭引見司	no
彰愍宮漢兒渤海都部署	no
提舉鳳翔府上清太平宮	no
御營宿衛使司左軍統制	no
入內內侍省左藏庫副使	no
長寧宮漢兒渤海都部署	no
敦睦宮漢兒渤海都部署	no
同知主管樞密機宜文字	no
御營宿衛使司右軍統制	no
管勾梓夔兩路兵馬司事	no
侍衛親軍馬軍司都虞候	no
尚書省戶部金部司郎中	no
日曆所編類聖政檢討官	no
知南外都水監丞司公事	no
太史局主管御書神位官	no
專一報發御前軍馬文字	no
判左右金吾引駕仗司事	no
翰林御書院翰林書藝學	no
吏部尚書右選敦修武案	no
御前忠佐馬軍副都軍頭	no
龍衛神衛四廂都指揮使	no
同經制熙河路邊防財利	no
尚書省戶部度支司郎中	no
尚書省刑部刑部司郎中	no
宣撫使司主管機宜文字	no
尚書省禮部主客司郎中	no
駐扎御前諸軍都統制司	no
提舉開封府界常平等事	no
陜西同經略安撫招討使	no
宣撫處置使司幹辦公事	no
太和宮漢兒渤海都部署	no
幹辦左右金吾街仗司事	no
節度管內觀察處置等使	no
國史實錄院編修檢討官	no
勾當馬步軍專勾司公事	no
尚書省刑部司門司郎中	no
尚書右僕射兼中書侍郎	no
尚書省禮部膳部司郎中	no
都總管司走馬承受公事	no
鎮撫使司主管機宜文字	no
河北兵馬大元帥府統制	no
江淮等路都大提點坑冶	no
行營馬步軍戰棹都部署	no
都大提點在京倉草場司	no
尚書省工部工部司郎中	no
某州管內觀察處置等使	no
簽書樞密院河西北兩房	no
尚書省刑部比部司郎中	no
經略安撫制置使司判官	no
永昌宮漢兒渤海都部署	no
提舉中太乙宮兼集禧觀	no
尚書省講議司檢閱文字	no
提點刑獄司幹辦公事廳	no
權主管安撫大使司公事	no
沿海制置使司幹辦公事	no
管勾一路兵馬鈐轄司事	no
積慶宮漢兒渤海都部署	no
主管經略安撫使司公事	no
總領四川財賦軍馬錢糧	no
開封府勾當左廂公事所	no
宣撫使司提舉一行事務	no
臨安府城内右廂都巡檢	no
延慶宮漢兒渤海都部署	no
尚書左僕射兼門下侍郎	no
內侍省內侍右班副都知	no
玉牒所玉牒殿主管香火	no
監行在太平惠民和劑局	no
都大提舉內弓箭軍器庫	no
興聖宮漢兒渤海都部署	no
提舉兗州仙源縣景靈宮	no
知外都水監丞北司公事	no
太史局額外祠祭局學生	no
尚書省工部虞部司郎中	no
制置使司主管機宜文字	no
提舉兵馬巡檢盜賊公事	no
御前忠佐步軍副都軍頭	no
都大提舉大名府界金堤	no
主管尚書省制造官告局	no
尚書省戶部倉部司郎中	no
尚書省刑部都官司郎中	no
提擧江南西路兵甲公事	no
侍衛親軍步軍司都虞候	no
宣撫使司書寫機宜文字	no
中書門下檢正諸房公事	no
經略安撫使司準備差遣	no
勾當睦親西宅諸院公事	no
西南面五押招討大將軍	no
詳定一司敕令所刪定官	no
提舉尚書省講議財利司	no
招撫司遊擊義士軍副將	no
都大提舉在京諸司庫務	no
分差建康府諸軍糧料院	no
勸農使兼提點刑獄公事	no
淮南江浙荊湖茶鹽礬稅	no
知外都水監丞南司公事	no
延昌宮漢兒渤海都部署	no
管勾本州駐泊兵馬公事	no
弘義宮漢兒渤海都部署	no
提舉京東路保馬兼保甲	no
尚書省吏部考功司郎中	no
御營使司提舉一行事務	no
同知漢兒行宮都部署事	no
提點開封府諸縣鎮公事	no
尚書省禮部祠部司郎中	no
知北外都水監丞司公事	no
御前忠佐馬步軍都軍頭	no
勾當外都水監丞司公事	no
書寫崇奉祖宗表詞待詔	no
永興宮漢兒渤海都部署	no
御營宿衛使司中軍統制	no
都大提點坑冶鑄錢公事	no
御營使司主管機宜文字	no
詳定軍馬司敕例刪修官	no
國信所回易庫幹辦公事	no
經略安撫使司準備指使	no
鎮撫使司書寫機宜文字	no
管勾外都水監丞司公事	no
制敕院沿堂五院驅使官	no
某路某司走馬承受公事	no
臨安府城内左廂都巡檢	no
尚書省工部屯田司郎中	no
主管尚書某部架閣文字	no
尚書省二十四司員外郎	no
御前忠佐步軍都軍頭	no
內外馬步軍副都軍頭	no
御前忠佐馬步都軍頭	no
御營五軍統制軍馬官	no
制敕院五房沿堂行首	no
御前某軍第某將正將	no
翰林御書院書寫待詔	no
管勾經略安撫司公事	no
同提舉編修經武要略	no
都督府隨軍轉運副使	no
勾當諸司糧料院公事	no
勾當御前忠佐引見司	no
提舉廣南東路市舶官	no
同政事令門下平章事	no
提舉市舶司幹辦公事	no
轉運司走馬承受公事	no
樞密院檢詳諸房文字	no
勾當御前忠佐軍頭司	no
御營使司平寇前將軍	no
制置大使司幹辦公事	no
御前諸軍副都統制司	no
吏部尚書左選九品案	no
主管經略安撫司公事	no
入內內侍省內侍高班	no
龍神衛四廂都指揮使	no
提舉熙河等路弓箭手	no
吏部侍郎右選架閣案	no
御前忠佐軍頭引見司	no
吏部侍郎左選甲庫案	no
吏部尚書左選六品案	no
宴設館客供進給賜案	no
吏部尚書右選法司案	no
都大提點在京倉草場	no
經略安撫沿邊招討使	no
內侍省入內內侍都知	no
儀鸞司南北營都虞侯	no
史館實錄院主管文字	no
東川七州招安巡檢使	no
左散騎常侍分司西京	no
淮南等路制置發運司	no
吏部侍郎右選掌闕案	no
刑部隨時撥卻不行案	no
吏部侍郎右選忠訓案	no
提轄措置坑冶鑄錢司	no
入內內侍省右班殿直	no
承轉承接親從親事官	no
吏部侍郎左選入官案	no
三省樞密院激賞酒庫	no
勾當步軍糧料院公事	no
磨勘諸路提點刑獄司	no
主管測驗渾儀刻漏所	no
檢正中書孔目房公事	no
開封府界提點縣鎮官	no
開封府右軍巡院推司	no
知南面諸行宮副部署	no
吏部尚書右選開拆案	no
江淮荊浙福建廣南路	no
提舉隆興玉隆萬壽宮	no
四川總領所措置糴買	no
尚書省提督分司財用	no
權發遣三司都磨勘司	no
幹辦行在諸軍審計司	no
吏部尚書左選掌闕案	no
應天府河南府敦宗院	no
提轄榷貨務都茶場司	no
吏部侍郎右選甲庫案	no
某路鹽事司勾當公事	no
提點堂後官五房公事	no
某地都統司左軍統領	no
提點開封府縣鎮公事	no
吏部尚書左選七品案	no
吏部侍郎左選名籍案	no
監在京皮角四場庫務	no
講議司冗官檢討文字	no
幹辦行在諸司審計司	no
判三司鹽鐵勾院公事	no
講議司宗室檢討文字	no
監三館書籍秘閣圖書	no
四川總領所魚關簽廳	no
戶部右曹郎中員外郎	no
侍衛親軍副都指揮使	no
御營使司後軍統制官	no
湖廣總領所準備差遣	no
吏部尚書左選注擬案	no
尚書省二十四司郎中	no
書寫宣撫司機秘文字	no
講議司賦調檢討文字	no
簽書節度判官廳公事	no
提舉茶鹽司幹辦公事	no
河南府留守司參議官	no
浙江西路提點刑獄司	no
措置河北糴便糧草司	no
吏部侍郎左選縣尉案	no
吏部侍郎左選格式案	no
都大提舉四川茶馬司	no
內侍省內侍押班公事	no
詳定一司敕令所承受	no
管勾緣邊安撫司公事	no
入內內侍省內侍殿頭	no
湖廣總領所幹辦公事	no
太子右司御率府副率	no
太子左監門率府副率	no
入內後苑勾當事內品	no
宣撫處置使司都統制	no
吏部侍郎左選職官案	no
吏部尚書右選知雜案	no
判三司度支勾院公事	no
內侍省內東頭供奉官	no
左右騏驥院將校兵級	no
吏部侍郎右選差注案	no
御營使司右軍都統制	no
經略安撫司勾當公事	no
內侍省內西頭供奉官	no
侍衛步軍司都指揮使	no
吏部侍郎右選成忠案	no
入內內侍省內侍黃門	no
國史實錄院編校文字	no
開封府界提舉常平司	no
戶部員外郎主管左曹	no
吏部尚書右選大夫案	no
戶部左曹郎中員外郎	no
知府帶馬步軍都總管	no
判南京留守司御史臺	no
都大提舉汴河堤岸司	no
知契丹行宮都部署事	no
四川茶馬司幹辦公事	no
翰林御書院書學祗候	no
中書檢正孔目房公事	no
吏部侍郎左選令丞案	no
權發遣三司判官公事	no
提舉在內修造所公事	no
御前忠佐馬軍都軍頭	no
宣撫處置使司參謀官	no
吏部侍郎右選催驅案	no
入內內侍省左班殿直	no
內侍省左右班都都知	no
開封府司錄司檢校庫	no
提點刑獄司幹辦公事	no
編修會要所檢閱文字	no
安撫司幕官撫僚帥屬	no
都督府隨軍轉運判官	no
判三司戶部勾院公事	no
淮西總領所幹辦公事	no
檢詳樞密院諸房文字	no
都大提點內軍器庫所	no
樞密院編修時政記房	no
都提舉大名府界金堤	no
勾當東西八作司公事	no
判西京留守司御史臺	no
軍頭司散員副兵馬使	no
侍衛步軍副都指揮使	no
管勾沿邊安撫司公事	no
御營使司平寇左將軍	no
吏部尚書右選名籍案	no
幹辦行在諸司糧料院	no
提舉學事司管勾文字	no
吏部尚書左選催驅案	no
太子右清道率府副率	no
提點崇真資聖禪院所	no
知州帶馬步軍都總管	no
提舉河北糴便糧草司	no
都督府主管機宜文字	no
吏部侍郎右選從義案	no
判三司都磨勘司公事	no
吏部侍郎右選資次案	no
吏部侍郎右選承節案	no
總領淮南軍馬錢糧所	no
分差鄂州戶部糧料院	no
同看詳編修中書條例	no
續搜訪經史子集四庫	no
路提擧常平廣惠倉司	no
太子左司御率府副率	no
都大管勾親王諸宮司	no
吏部尚書左選八品案	no
都大提舉導洛通汴司	no
講議司鹽澤檢討文字	no
御前某軍第某將副將	no
點檢通進銀臺司公事	no
吏部侍郎右選丞信案	no
權發遣群牧判官公事	no
講議司尹牧檢討文字	no
四川總領所幹辦公事	no
提舉三司帳勾磨勘司	no
宣撫處置使司參議官	no
提舉兩浙路市舶事務	no
開封府左軍巡院推司	no
幹辦行在諸軍糧料院	no
内牙諸軍都知兵馬使	no
右春坊太子通事舍人	no
御前某軍某將準備將	no
管勾尚書六部架閣庫	no
吏部侍郎左選知雜案	no
御營使司中軍統制官	no
提舉常平司幹辦公事	no
翰林御書院翰林待詔	no
吏部侍郎右選進武案	no
御營使司左軍統制官	no
陜西經略安撫招討使	no
提舉常平司勾當公事	no
吏部尚書右選副使案	no
秘書省校對黃本書籍	no
戶部員外郎主管右曹	no
提轄榷貨務兼都茶場	no
太子左清道率府副率	no
吏部尚書左選甲庫案	no
廣南東路提舉市舶司	no
督視軍馬府參謀軍事	no
幹辦戶部分差審計司	no
勾當馬軍糧料院公事	no
入內西京左藏庫副使	no
講議司國用檢討文字	no
三司承受御寶憑由司	no
御營使司前軍統制官	no
鎮撫使司措置營田官	no
三京留守司御史臺官	no
南京馬步軍都指揮使	no
吏部尚書右選甲庫案	no
勾當京西竹木務公事	no
判三司都理欠憑由司	no
皇太子宮左右春坊司	no
監某路經略安撫司庫	no
提舉在京諸司庫務司	no
尚書省禮部司員外郎	no
吏部尚書左選檢法案	no
吏部尚書左選名籍案	no
御營使司右軍統制官	no
吏部侍郎左選知闕案	no
吏部侍郎右選知雜案	no
吏部侍郎左選法司案	no
侍衛步軍司統領軍馬	no
入內內侍省內侍高品	no
管勾南京留司御史臺	no
制置大使司準備差遣	no
都大提舉內軍器庫所	no
吏部侍郎右選法司案	no
京西河洛抽稅竹木務	no
四川總領司主管文字	no
三省樞密院激賞錢庫	no
內侍省入內內侍班院	no
太子右監門率府副率	no
知會稽縣事兼陵臺令	no
同提舉詳定一司敕令	no
權發遣三司副使公事	no
殿中省提舉六尚局所	no
經略安撫司幹辦公事	no
權發遣三司戶部公事	no
講議司商旅檢討文字	no
提舉西京嵩山崇福宮	no
吏部侍郎左選開拆案	no
行在贍軍激賞酒庫所	no
御營使司都統司統領	no
知陵臺令兼永安縣事	no
吏部侍郎左選注擬案	no
侍衛馬軍副都指揮使	no
御營使司左軍都統制	no
駐扎御前諸軍都統制	no
三省樞密院激賞庫	no
磨勘幕職州縣官院	no
司天監三式科六壬	no
監太平惠民北外局	no
太子左內率府副率	no
三司都理欠憑由司	no
都督府隨軍轉運使	no
殿前司騎軍諸指揮	no
尚書省製造官告局	no
尚書省講議財利司	no
主管吏部侍郎左選	no
勾當都進奏院公事	no
路分馬步軍副部署	no
太史局額內局學生	no
安撫使司幕屬官廳	no
中書逐房習學公事	no
翰林御書院專知官	no
禮工部諸司員外郎	no
南京留守司御史臺	no
尚書省左右司郎官	no
監察御史分司西京	no
中書門下省檢正所	no
開封府儀曹參軍事	no
中書檢正戶房公事	no
提舉編修國朝會要	no
裏面內班小底都知	no
捧日右廂都指揮使	no
延慶宮漢兒都部署	no
戶刑部諸司員外郎	no
權發遣某州軍州事	no
同知南院樞密使事	no
太師平章軍國重事	no
白兩池榷鹽制置使	no
敵烈部皮室軍詳穩	no
入內內侍省禮賓使	no
提舉鳳翔府上清宮	no
知都水監主簿公事	no
勾當西八作司公事	no
大都督府行軍司馬	no
敦睦宮漢兒都部署	no
南京步軍副指揮使	no
點檢閤門簿書公事	no
文思院下界修造案	no
提點刑獄勸農副使	no
內侍省右班副都知	no
制敕院五房堂後官	no
太子右司御率府率	no
提領戶部贍軍酒庫	no
沿江三大安撫使司	no
太子右監門率府率	no
點檢三館秘阁书籍	no
三京留守司御史臺	no
神霄玉清萬夀宮使	no
詳定祠祭太醫帳案	no
知西京留守判官事	no
內侍省西頭供奉官	no
管勾尚書內省公事	no
戶部郎中主管右曹	no
提舉後苑作生活所	no
入內內侍省副都知	no
天下兵馬大元帥府	no
尚書省戶部度支司	no
看詳編修中書條例	no
同提舉司天監公事	no
提點右廂諸監公事	no
中書五房習學公事	no
樞密院制置兵馬司	no
內侍省左班副都知	no
臨安府行宮留守司	no
提轄秘閣供御圖書	no
南京馬軍都指揮使	no
陝西路制置解鹽使	no
侍衛親軍都指揮使	no
臨安府學教授東廳	no
殿前司步軍諸指揮	no
提擧常平司主管官	no
南京步軍都指揮使	no
刑部詳覆習學公事	no
崇德宮漢兒都部署	no
諸陵勾當香火內品	no
管勾都水監丞公事	no
太子右內率府副率	no
簽書入內內侍省事	no
管幹尚書內省公事	no
陜西路制置解鹽司	no
長寧宮漢兒都部署	no
太子左衛率府副率	no
開封府法曹參軍事	no
太史局額內外局生	no
都總管司準備差遣	no
路同提點刑獄公事	no
同知大宗正司丞事	no
樞密院禮房副承旨	no
樞密院吏房副承旨	no
宣撫使司幹辦公事	no
監某縣戶部犒賞庫	no
都轉運使兼按察使	no
太常禮院編纂禮書	no
同管勾國子監公事	no
提舉編修經武要略	no
權樞密院副都承旨	no
司天監三式科太乙	no
權發遣三司判官事	no
捧日以下諸軍指揮	no
提舉臨安府洞霄宮	no
北京留守司御史臺	no
內外馬步軍都軍頭	no
殿前司差使磨勘案	no
提點開封縣居養院	no
經略安撫制置使司	no
同知北院樞密使事	no
御前某軍同副統制	no
提舉成都府玉局觀	no
侍衛親軍馬軍行司	no
司天監三式科遁甲	no
管勾書寫機宜文字	no
判三司開拆司公事	no
都總管司管勾公事	no
西京留守司御史臺	no
提舉江淮等路銅事	no
開封府倉曹參軍事	no
主管吏部架閣文字	no
判留守司三司公事	no
都提舉汴河堤岸司	no
江西京西湖北總司	no
同判尚書省兵部事	no
鎮撫使司幹辦公事	no
觀察處置等使留後	no
入內內侍省都都知	no
提舉三門白波輦運	no
御營使司副都統制	no
都大提點軍器庫所	no
都大提舉導洛通汴	no
吏兵部諸司員外郎	no
監行在贍軍北酒庫	no
勾當北宅諸院公事	no
遙郡節度觀察留後	no
奉使大金報謝副使	no
檢正中書戶房公事	no
入內內侍省供奉官	no
廣西路鹽事司主管	no
尚書省右司知雜案	no
左右金紫光祿大夫	no
太子左清道率府率	no
勾當南宮諸院公事	no
太子右清道率府率	no
府界三路提舉保甲	no
開封府工曹參軍事	no
戶部郎中主管左曹	no
尚書省戶部倉部司	no
中書檢正逐房公事	no
樞密使帶檢校太尉	no
檢正中書刑房公事	no
龍衛左廂都指揮使	no
太常寺太樂署院官	no
殿前司副都指揮使	no
河北兵馬大元帥府	no
左右銀青光祿大夫	no
鞏縣令兼陵臺令事	no
都大提舉汴河堤岸	no
入內西京左藏庫使	no
提舉京師諸司庫務	no
提轄文思院上下界	no
知北院樞密副使事	no
尚書省禮部祠部司	no
開封府諸曹參軍事	no
中書門下省檢正房	no
權發遣司農寺都丞	no
殿中省提舉六尚局	no
提舉常平司主管官	no
檢正中書禮房公事	no
管勾作坊造斬馬刀	no
四軍兵馬都指揮使	no
入內內侍省右侍禁	no
提舉常平茶鹽公事	no
右僕射兼門下侍郎	no
兩浙路提舉市舶司	no
尚書省右司員外郎	no
皇太子宮左春坊司	no
天武右廂都指揮使	no
權發遣某府軍府事	no
樞密院戶房副承旨	no
內侍省左右班都知	no
都大管勾催遣輦運	no
轉運司主管文字廳	no
三省樞密院架閣庫	no
權尚書省戶部尚書	no
都提舉市易司公事	no
同管勾安撫司公事	no
主管書寫機宜文字	no
權主管殿前司公事	no
提點開封府界公事	no
尚書省禮部主客司	no
排岸兼管船場公事	no
親王府記室參軍事	no
司天監曆算科主簿	no
宣諭使司準備差遣	no
太子左監門率府率	no
招撫使司準備將領	no
提點刑獄司檢法官	no
在京市易西務下界	no
尚書省吏部膳部司	no
勾當東八作司公事	no
專切提舉監修實錄	no
經略安撫使司判官	no
主管三省架閣文字	no
殿前指揮使都虞候	no
提點左廂諸監公事	no
在京市易東務上界	no
侍衛馬軍行司職事	no
中書檢正吏房公事	no
主管成都府玉局觀	no
提轄五州兵士公事	no
提領左藏封樁庫所	no
太和宮漢兒都部署	no
諸司審計司幹辦官	no
提轄雜買務雜賣場	no
制置使司幹辦公事	no
樞密院逐房副承旨	no
開封府兵曹參軍事	no
延昌宮漢兒都部署	no
走馬承受公事內臣	no
知南院樞密副使事	no
主管尚書吏部架閣	no
同制置三司條例司	no
同判尚書省刑部事	no
監行在諸司審計司	no
御前諸軍副都統制	no
幕職州縣官考課院	no
監京東抽稅竹箔場	no
殿前司都指揮使司	no
左右金吾引駕仗司	no
太子右衛率府副率	no
司天監天文科主簿	no
開封府士曹參軍事	no
提舉在京諸司庫務	no
諸路軍事都督行府	no
尚書省戶部金部司	no
永昌宮漢兒都部署	no
安撫制置司參議官	no
開封府刑曹參軍事	no
安撫大使司參謀官	no
中書檢正五房公事	no
提舉三司帳司勾院	no
侍衛馬步軍都虞候	no
監行在諸軍糧料院	no
走馬承受公事使臣	no
主管城内右廂公事	no
知銀臺通進封駁司	no
監太平惠民南外局	no
總領浙西江東財賦	no
檢正中書吏房公事	no
樞密院兵房副承旨	no
知中外左右諸軍事	no
翰林御書院書學生	no
同知入內內侍省事	no
翰林御書院副知官	no
管勾秦鳳路軍馬事	no
同中書門下平章事	no
主管文德殿鍾鼓院	no
尚書省禮部司郎中	no
總領淮東軍馬錢糧	no
經略安撫都總管司	no
入內內東頭供奉官	no
中書提點五房公事	no
彰愍宮漢兒都部署	no
同勾当三館秘阁事	no
皇太子宮右春坊司	no
提點在京倉草場所	no
經略安撫司參議官	no
長春州錢帛都提點	no
御前忠佐步軍都頭	no
提舉學事管幹文字	no
主管馬軍行司公事	no
三日一至都堂議事	no
翰林御書院押宿官	no
天武以下諸軍指揮	no
管勾殿中省六尚局	no
系府界提點的訛寫	no
主管城内左廂公事	no
御前忠佐馬軍都頭	no
福建路提舉市舶司	no
尚書省左司員外郎	no
黃龍府兵馬都部署	no
積慶宮漢兒都部署	no
太子左司御率府率	no
使持節某州諸軍事	no
入內內侍省小黃門	no
中書檢正禮房公事	no
幹辦戶部分差計司	no
提舉司天監公事所	no
江淮等路發運副使	no
雲騎帶甲剩員指揮	no
尚書省吏部員外郎	no
經略安撫使司管勾	no
判西京留守御史臺	no
判左右金吾街司事	no
刑部隨時撥卻行案	no
檢正中書五房公事	no
勾當制置群牧司事	no
荊湖南路鎮撫大使	no
開封府戶曹參軍事	no
權知司天監少監事	no
某軍節度觀察留後	no
入內內侍省都知司	no
提點坑冶鑄錢公事	no
編具興復所點檢官	no
權發遣三司使公事	no
龍衛右廂都指揮使	no
入內內侍省左侍禁	no
總北南院樞密使事	no
中書檢正刑房公事	no
提舉兩浙路市舶官	no
楚州武鋒軍都統制	no
安撫使司管幹公事	no
臨安府學教授西廳	no
侍衛馬軍都指揮使	no
轉運使司準備差遣	no
樞密院諸房副承旨	no
權尚書省吏部侍郎	no
河北四路安撫使司	no
同知咸州路兵馬事	no
入內內侍省內侍班	no
御前馬院習馬使效	no
宣諭使司幹辦公事	no
司天監三式科主簿	no
御前都統制司幕僚	no
看詳銀台司文字所	no
湖北京西軍馬錢糧	no
侍衛馬步軍都軍頭	no
東西作坊五十一作	no
知通進銀臺司公事	no
御營使司都統制司	no
渤海四軍都指揮使	no
永興宮漢兒都部署	no
監行在諸司糧料院	no
監製造御前軍器所	no
總領所大軍倉監官	no
判三司理欠憑由司	no
入內祗候黃門內品	no
點檢侍衛步軍司事	no
捧日左廂都指揮使	no
幹辦玉牒所玉牒殿	no
弘義宮漢兒都部署	no
興聖宮漢兒都部署	no
三路提舉義勇保甲	no
皇太子宮小學教授	no
沿江水軍制置使司	no
提舉尚書省講議司	no
勾當左右金吾街仗	no
開封府左軍巡判官	no
尚書省左司知雜案	no
尚書省奏鈔班簿房	no
開封府司錄參軍事	no
權同發遣樞密院事	no
開封府管勾架閣官	no
入內內侍省祗候班	no
開封府功曹參軍事	no
開封府右軍巡判官	no
宣撫使司勾當公事	no
制置河北河防水利	no
沿海制置司參議官	no
考課幕職州縣官院	no
權發遣戶部判官事	no
南京馬軍副指揮使	no
入內祗候高班內品	no
提舉後苑作修造所	no
臨安府行宮同留守	no
行在太醫局熟藥所	no
文思院上界修造案	no
南京馬步副指揮使	no
紹興府大宗正行司	no
沿江水軍制置副使	no
天武四廂都指揮使	no
路分馬步軍副總管	no
太子左右贊善大夫	no
諸王宮大小學教授	no
鍾鼓院司辰局學生	no
承轉承接親事官	no
中書門下平章事	no
提舉福建路市舶	no
尚書省左司郎官	no
提舉亳州明道宮	no
閤門同提點承受	no
檢校水部員外郎	no
都大提舉修河司	no
都督府參贊軍事	no
編修會要所參詳	no
中書省制敕庫房	no
幹辦諸軍審計司	no
權三司度支副使	no
點檢通進司公事	no
尚書省二十四曹	no
福建提舉市舶司	no
契丹行宮都部署	no
宣撫使司參謀官	no
戶部左曹課例窠	no
幹辦修內司公事	no
翰林書藝局直長	no
提領諸路鑄錢官	no
幹辦行在糧料院	no
同簽書樞密院事	no
兵部帳籍告身案	no
權發遣三司判官	no
某王宮宗子博士	no
主管通進司文字	no
北京留守司判官	no
侍衛馬軍都虞候	no
翰林圖畫院藝學	no
糾察在京刑獄司	no
侍衛步軍都虞候	no
內殿直左第二班	no
州駐泊兵馬都監	no
御龍骨䤪子右直	no
戶部右曹檢法案	no
散指揮右第二班	no
都督府諮議軍事	no
編修中書條例所	no
都大提舉河渠司	no
同提舉茶場買馬	no
入內東頭供奉官	no
勾當制置群牧司	no
同知北院宣徽事	no
門下後省諫官案	no
殿中省尚乘奉御	no
太醫局中等學生	no
入內內侍省都知	no
製造御前生活所	no
總領敵烈皮室軍	no
同提點刑獄公事	no
勾當翰林圖畫院	no
城西廂都巡檢使	no
南外宗正司教授	no
檢校尚書左僕射	no
右領軍衛中郎將	no
簽書判官廳公事	no
主管西外睦宗院	no
祠祭生料知雜案	no
太醫局習學醫生	no
堤堰橋道勸農使	no
賀金國生辰使副	no
馬步軍副都部署	no
右治獄都轄使臣	no
彰愍宮副都部署	no
殿前指揮使左班	no
開封府右軍巡使	no
太醫局下等學生	no
少宰兼中書侍郎	no
提舉史館實錄院	no
司天監三式科令	no
太子左贊善大夫	no
戶部右曹常平案	no
同判大宗正司事	no
殿中省尚藥奉御	no
知尚書內省公事	no
戶刑部諸司郎中	no
戶部右曹知雜案	no
殿前司都指揮使	no
轉運司管勾帳司	no
大理寺右治獄廳	no
主管城南廂公事	no
提舉內軍器庫所	no
積慶宮副都部署	no
御營使司激賞庫	no
左監門衛上將軍	no
刑部注籍點檢案	no
知雜封襲朝貢案	no
山南西道節度使	no
都督府幹辦公事	no
都大提點弓箭庫	no
遵義寨兵馬監押	no
知入內內侍省事	no
同幹辦駝坊公事	no
提點在京寺務所	no
勾當修內司公事	no
提舉三白渠公事	no
外都水監丞北司	no
勾當三班院公事	no
大理寺右治獄丞	no
御前某軍都統制	no
都督府隨軍運副	no
吏部侍郎左右選	no
知大宗正司丞事	no
內侍省內侍殿直	no
權監察御史裏行	no
三門白波發運使	no
東北路統軍副使	no
太子右衛率府率	no
提舉糴便糧草官	no
尚書省兵部侍郎	no
內侍左右班都知	no
主管城北廂公事	no
提點左廂諸監司	no
樞密院檢詳文字	no
左金吾衛大將軍	no
建康府行宮留守	no
提舉江州太平觀	no
右羽林軍上將軍	no
初考檢點試卷官	no
城東都巡檢使司	no
判行在三司公事	no
檢校右散騎常侍	no
太史局五官大夫	no
內班院右班押班	no
勾當翰林御書院	no
西京左藏庫副使	no
内牙諸軍指揮使	no
監左右廂店宅務	no
管勾街道司公事	no
勾當左右廂公事	no
監太醫局熟藥所	no
左金吾衛上將軍	no
戶部右曹免役案	no
都大制置發運司	no
經略安撫制置使	no
開封府左軍巡使	no
內殿直右第二班	no
三司條例檢詳官	no
判三司勾院公事	no
太子左內率府率	no
京府左軍巡判官	no
權發遣鹽鐵副使	no
提舉陝西買馬司	no
秘書郎分司東都	no
安撫使司參謀官	no
管勾安撫司公事	no
幹辦軍頭引見司	no
睦親宅小學教授	no
都督府參議軍事	no
延慶宮副都部署	no
樞密院兵房主事	no
主管殿前司公事	no
提點佑神觀公事	no
主管鎮撫司公事	no
內侍省內侍黃門	no
司天監天文科令	no
臨安府城北廂廳	no
右千牛衛中郎將	no
提舉在京市易務	no
諸州常平管勾官	no
主管兗州景靈宮	no
右金吾衛大將軍	no
編修諸司敕式所	no
都督府記室參軍	no
入內貼祗候內品	no
賀金國正旦副使	no
轉運司主管文字	no
發運司幹辦公事	no
宣撫使司參議官	no
安撫使司計議官	no
御前忠佐引見司	no
勾當軍器監公事	no
太學兩優釋褐人	no
提舉司勾當公事	no
南外都水監丞司	no
都大制置發運使	no
太宰兼門下侍郎	no
沿江水軍制置使	no
管勾市舶司使臣	no
路提點刑獄公事	no
開封府左軍巡院	no
同簽署樞密院事	no
提轄諸道進奏院	no
巡捉私茶鹽賊盜	no
左金吾引駕仗司	no
管勾殿中省某局	no
尚書省案鈔刑房	no
編類聖政檢討官	no
後苑勾當事內品	no
京城内外都巡檢	no
戶部左曹戶口案	no
同中書門下三品	no
路駐泊兵馬都監	no
同知大宗正司事	no
內弓箭南內外庫	no
知三司推勘院事	no
同知禮部貢舉事	no
軍頭司散指揮使	no
主管翰林醫官局	no
監選衣甲器械庫	no
太史局夏官大夫	no
侍衛親軍馬軍司	no
提舉南京鴻慶宮	no
製造御前軍器所	no
馬步軍副都軍頭	no
勾當修造案公事	no
右銀青光祿大夫	no
御書院翰林待詔	no
權樞密院都承旨	no
樞密院副都承旨	no
幹辦諸司審計司	no
判尚書省戶部事	no
知西京留守司事	no
左藏封樁庫書手	no
太子諸率府副率	no
同主管閤門公事	no
右計司十道判官	no
都大提舉茶馬司	no
後苑大主管使臣	no
都督府準備差使	no
三司開拆司推官	no
簽書南樞密院事	no
御前諸軍都統制	no
入內供備庫副使	no
殿中省尚輦奉御	no
諸宮院大學教授	no
太子內率府副率	no
同知某州軍州事	no
勾當登聞院公事	no
殿前指揮使右班	no
左領軍衛上將軍	no
右金吾衛中郎將	no
左領軍衛大將軍	no
主管台州崇道觀	no
提舉勾當公事官	no
經略司幹辦公事	no
大理寺斷刑少卿	no
判左金吾街仗司	no
大晟府製撰文字	no
勾當河渠司公事	no
南京留司御史臺	no
左藏庫都中門官	no
都大提舉茶事司	no
內侍省內供奉官	no
御營使司都統制	no
翰林天文局司辰	no
右領軍衛上將軍	no
同提點刑獄使臣	no
牙内諸軍指揮使	no
酉點天文日狀官	no
制置司準備差遣	no
西南兩外宗正司	no
提舉內中修造所	no
主管御書神位官	no
鎮撫使司統領官	no
制置三司條例司	no
樞密院押衙知客	no
權發遣度支副使	no
同中書門下二品	no
尚書省左司郎中	no
左右都軍使等職	no
司農寺勾當公事	no
左右羽林軍統軍	no
黃門院左班押班	no
西京兵馬都部署	no
國子監四門助教	no
同主管左春坊事	no
開封府諸廂巡檢	no
山南東道節度使	no
同管勾太學公事	no
宣撫司準備差遣	no
殿中省尚食奉御	no
提舉玉隆萬壽宮	no
知三省樞密院事	no
內殿直左第一班	no
秘書省檢閱文字	no
西天同譯經三藏	no
鎮江分差糧審院	no
尚書都司茶鹽案	no
中書後省制誥案	no
御龍骨䤪子左直	no
提舉帳勾磨勘司	no
左右金吾引駕仗	no
提舉義勇保甲司	no
殿前司副都點檢	no
都水監幹當公事	no
都提點五房公事	no
江淮荊浙都督府	no
遼西錢帛都提點	no
左銀青光祿大夫	no
編校集賢院書籍	no
御前某軍副統制	no
知北京留守司事	no
路分馬步軍部署	no
尚書省右司郎中	no
勾當內東門使臣	no
勾當估馬司公事	no
左藏封樁庫手分	no
燕京管內處置使	no
川陝荊襄都督府	no
提點刑獄勸農使	no
內殿直右第一班	no
尚書省都知雜房	no
長寧宮副都部署	no
平州錢帛都提點	no
景獻太子府教授	no
提點中太一宮所	no
樞密院準備使喚	no
左監門衛中郎將	no
管勾市舶司公事	no
同知某府軍府事	no
詳定重修敕令所	no
承轉承接親從官	no
左龍武軍大將軍	no
大晟府樂府製撰	no
提舉司天監公事	no
都大提舉河事官	no
右治獄左右寺案	no
左藏封樁庫庫子	no
左領軍衛中郎將	no
河渠司勾當公事	no
監三省樞密院門	no
內班院左班都知	no
內侍省內侍高品	no
侍衛步軍指揮使	no
西京留守司判官	no
刑部制勘體量案	no
三京留司御史臺	no
戶部右曹坊場案	no
三門白波發運司	no
簽書北樞密院事	no
御前某軍第某將	no
門下後省記注案	no
提點萬夀觀公事	no
路分馬步軍總管	no
常平廣惠倉使者	no
權發遣司農都丞	no
殿中侍御史裏行	no
御前某軍副統領	no
提轄御前軍器所	no
都大提舉茶馬事	no
司天監三式科丞	no
勾當事材場公事	no
戶部右曹平準案	no
兵部民兵仗衛案	no
編修國朝會要所	no
太子右內率府率	no
尚書祠部員外郎	no
尚書省工部尚書	no
郡王府記室參軍	no
招討使司計議官	no
主行編修屬籍案	no
入內後苑散內品	no
尚書省戶部尚書	no
投送文字大程官	no
權發遣戶部副使	no
御營中軍統制官	no
判尚書省刑部事	no
講議司檢討文字	no
入內西頭供奉官	no
右領軍衛大將軍	no
山西路轉運副使	no
左羽林軍大將軍	no
司空平章軍國事	no
親王諸宮司都監	no
察院逐房副承旨	no
勾當翰林司公事	no
提轄左藏東西庫	no
知北院樞密使事	no
提舉導洛通汴司	no
戶部左曹檢法案	no
條例司檢詳文字	no
都大提舉諸司官	no
發運司勾當公事	no
太史局冬官大夫	no
主管侍衛馬軍司	no
左右街守闕鑒義	no
制置使司參議官	no
提舉常平廣惠倉	no
內侍省右班都知	no
主管安撫司公事	no
監太平惠民北局	no
大理寺治獄少卿	no
三部勾院判勾官	no
右金紫光祿大夫	no
右千牛衛大將軍	no
西京留司御史臺	no
左神武軍大將軍	no
知咸州路兵馬事	no
同知南院宣徽事	no
權三司度支判官	no
同知京朝官考課	no
試銜知錄事參軍	no
通判某府軍府事	no
開封府學錢糧官	no
戶部右曹員外郎	no
主管往來國信所	no
左千牛衛上將軍	no
轉運司管勾文字	no
太醫局上等學生	no
轉運司主管帳司	no
總領山西諸州事	no
權發遣度支判官	no
江淮等路轉運使	no
大理寺左斷刑廳	no
判吏部流内銓事	no
管勾國子監公事	no
御前某軍同統領	no
城西都巡檢使司	no
左千牛衛大將軍	no
尚書省戶部侍郎	no
招撫使司都統制	no
侍衛親軍步軍司	no
親王府諮議參軍	no
漢兒行宮副部署	no
主管尚書省工部	no
判尚書省工部事	no
左斷刑表奏議司	no
內侍左班副都知	no
簽書節度判官廳	no
都大提舉茶馬官	no
右金吾衛上將軍	no
判尚書省兵部事	no
提舉翰林醫官院	no
提點坑冶鑄錢司	no
主管翰林天文局	no
御前某軍同統制	no
幹辦皇城司公事	no
尚書省右曹郎官	no
兵部人從看詳案	no
內侍省左班都知	no
戶部左曹員外郎	no
永興宮副都部署	no
權發遣三司副使	no
內班院右班都知	no
太和宮副都部署	no
編修中書條例司	no
翰林圖畫院待詔	no
左計司十道判官	no
太史局秋官大夫	no
入內內侍省押班	no
左藏封樁庫副知	no
大理寺左推職級	no
制敕院沿堂五院	no
管勾都亭西驛所	no
提舉廣南路市舶	no
權管勾太學公事	no
左右金吾街仗司	no
奉使大金報謝使	no
同判登聞鼓院事	no
權知某州軍州事	no
南京兵馬都總管	no
殿中省尚衣奉御	no
弘義宮副都部署	no
戶部贍軍所主管	no
行營馬步軍都監	no
都督府準備差遣	no
幹辦翰林御書院	no
漢兒行宮都部署	no
大理寺右推職級	no
內侍省內侍殿頭	no
沿江安撫司公事	no
左金紫光祿大夫	no
左右騏驥六坊監	no
門下省制敕庫房	no
諸王宮大學小學	no
戶部左曹農田案	no
南京留守司判官	no
同知西外宗正事	no
主管轉運司文字	no
秘書省校對黃本	no
轉運使兼按察使	no
天下兵馬大元帥	no
戶部左曹二稅窠	no
提舉華州雲臺觀	no
右龍武軍大將軍	no
提舉學事幹辦官	no
左千牛衛中郎將	no
同知三省樞密院	no
制置使司參謀官	no
招撫使司參謀官	no
編校昭文館書籍	no
四面緣邊都部署	no
步軍副都指揮使	no
轉運司幹辦公事	no
騎御馬直指揮使	no
臨安府行宮留守	no
提領左藏封樁庫	no
提舉台州崇道觀	no
路分兵馬副都監	no
尚書省左曹郎官	no
同提舉在京諸司	no
國用司同參計官	no
太子左衛率府率	no
殿前副都指揮使	no
紹興府主管財用	no
內弓箭庫南外庫	no
開封府諸曹參軍	no
馬步軍副都總管	no
內班院左班押班	no
巡轄馬遞鋪使臣	no
司天監天文科丞	no
看詳中書條例司	no
左羽林軍上將軍	no
內侍省內侍押班	no
編修三司條例官	no
延昌宮副都部署	no
五房習學檢正官	no
御營司參贊軍事	no
通判臨安軍府事	no
太史局春官大夫	no
提舉太平興國宮	no
知都水監丞公事	no
簽署判官廳公事	no
殿中省尚舍奉御	no
路兵馬都鈐轄司	no
三省戶房國用司	no
同詳定一司敕令	no
知太醫局丞公事	no
大理寺左斷刑丞	no
內臣東頭供奉官	no
禦前忠銳第一將	no
京東抽稅竹箔場	no
公主宅入位祗應	no
諸司審計司監官	no
中書後省諫官案	no
崇德宮副都部署	no
右神武軍大將軍	no
北京留司御史臺	no
右監門衛中郎將	no
提舉杭州洞霄宮	no
入內祗候小內品	no
提舉汴河堤岸司	no
監轉運司造船廠	no
提點在京寺務司	no
太史局同知算造	no
僉太常禮儀院事	no
翰林天文院節級	no
奉安御容禮儀使	no
尚書省刑部尚書	no
左右神武軍統軍	no
提舉常平茶鹽司	no
太子右贊善大夫	no
鎮撫使司參議官	no
檢校左散騎常侍	no
右監門衛上將軍	no
司天監曆算科丞	no
中書後省記注案	no
敦睦宮副都部署	no
三門白波輦運司	no
監榷貨務都茶場	no
權實錄院同修撰	no
河陽三城節度使	no
吏部尚書左右選	no
譯經三藏大法師	no
權發遣群牧判官	no
提領戶部犒賞所	no
司天監曆算科令	no
翰林圖畫院祗候	no
草澤應聘造曆人	no
管勾銀臺司主事	no
戶部左曹知雜案	no
入內內侍省寄班	no
製造御前軍器局	no
權三司戶部判官	no
同主管右春坊事	no
經制司幹辦公事	no
御前弓馬子弟所	no
散指揮左第二班	no
權發遣鹽鐵判官	no
總領所幹辦公事	no
權判行在尚書省	no
光政殿學士承旨	no
權判尚書都省事	no
資善堂小學教授	no
經略安撫招討使	no
西京留守司推官	no
測驗渾儀刻漏所	no
紹興府大宗正司	no
諸州常平主管官	no
分差魚關糧料院	no
經制兩浙江東路	no
監尚書省六部門	no
東京兵馬都部署	no
鎮撫使司統制官	no
尚書省右司郎官	no
戶部左曹稅賦案	no
通判某州軍州事	no
同提舉編修敕令	no
諸路軍事都督府	no
河北兵馬副元帥	no
永泰陵修奉鈐轄	no
勾當都水監公事	no
內侍省內侍高班	no
主管侍衛步軍司	no
太史局中官大夫	no
殿前司都虞候司	no
散指揮右第一班	no
左神武軍上將軍	no
右千牛衛上將軍	no
右金吾引駕仗司	no
永昌宮副都部署	no
三京府軍巡判官	no
通判西京留守司	no
御前忠佐軍頭司	no
尚書諸司員外郎	no
提舉會靈觀公事	no
都提舉三司公事	no
轉運司勾當公事	no
太史局官生學生	no
管勾往來國信所	no
右羽林軍大將軍	no
都提舉汴河堤岸	no
覆考檢點試卷官	no
城東廂都巡檢使	no
提點右廂諸監司	no
江淮等路發運使	no
判左計勾院公事	no
文思院兩界監官	no
河南北監牧使司	no
樞密院二十五房	no
尚書都司御史房	no
勾當皇城司公事	no
軍器所行移內案	no
尚書省工部侍郎	no
權三司鹽鐡副使	no
散指揮左第一班	no
同制置三司條例	no
權三司鹽鐵判官	no
北京留守司推官	no
禮工部諸司郎中	no
監太平惠民西局	no
門下後省封駁案	no
監臨安府軍資庫	no
知南院樞密使事	no
尚書省制敕庫房	no
管勾制置軍器司	no
編修會要所編修	no
管勾三司推勘官	no
外都水監丞南司	no
監太平惠民南局	no
馬軍副都指揮使	no
知南京留守司事	no
左金吾衛中郎將	no
契丹行宮副部署	no
黃門院右班押班	no
投送文字親事官	no
吏兵部諸司郎中	no
提舉國史院編修	no
提舉在內修造所	no
侍衛親軍都虞候	no
廣親宅小學教授	no
行宮留守司公事	no
黃門院左班都知	no
都督府參謀軍事	no
尚書省吏部郎中	no
內侍省內侍班院	no
鈐轄司幹辦公事	no
尚書省習學公事	no
提點在京倉草場	no
樞密院東廚西廚	no
元代路錄事司官	no
戶部左曹房地窠	no
權三司戶部副使	no
內侍右班副都知	no
內外步軍都軍頭	no
勾當左右騏驥院	no
鈐轄諸道進奏院	no
提舉出賣解鹽司	no
中書門下樞密院	no
諸路軍馬都督府	no
河北兵馬大元帥	no
判右計勾院公事	no
檢校尚書右僕射	no
管勾祥源觀公事	no
判右金吾街仗司	no
右監門衛大將軍	no
經制邊防財用司	no
北外都水監丞司	no
主管發運司公事	no
奉使大金國信所	no
左監門衛大將軍	no
提舉河北糴便司	no
南京留守司推官	no
判御史臺三院事	no
興聖宮副都部署	no
都督府提擧親兵	no
太子諸率府率	no
虞部司員外郎	no
燕京留守推官	no
馬軍副都軍頭	no
制敕院勾銷房	no
審官東院主簿	no
判登聞檢院事	no
審刑院詳議官	no
管勾太學公事	no
提點資聖院所	no
內東門取索司	no
門下後省下案	no
左領軍衛郎將	no
南宋三衙軍職	no
尚書諸司郎中	no
知禮部貢舉事	no
太史局天文官	no
尚書省右仆射	no
左右光祿大夫	no
後苑作生活所	no
在京黃門內品	no
尚書省開拆房	no
主管左春坊事	no
知尚書內省事	no
樞密院兵籍房	no
金部司榷易案	no
禁軍左指揮使	no
路同提點刑獄	no
都大提擧兵船	no
秘書省擡盤司	no
寬衣天武指揮	no
崇德宮都部署	no
考功司員外郎	no
永興宮都部署	no
官告國信副使	no
知某府軍府事	no
路提舉學事司	no
銀臺司書令史	no
內侍省供奉官	no
都轉運按察使	no
右驍衛上將軍	no
內侍省小黃門	no
店宅務勾押官	no
監軍器什物庫	no
同判國子監事	no
司天監夏官正	no
御營副都統制	no
宰相兼樞密使	no
譯經潤文使司	no
南北外兩丞司	no
樞密院幹辦官	no
制置發運副使	no
司封司員外郎	no
提點三司公事	no
戶部左曹侍郎	no
金部司錢帛案	no
考功司十七案	no
金吾衛上將軍	no
入內內班押班	no
馬步副都軍頭	no
太史局三式科	no
監左藏封樁門	no
太醫局熟藥所	no
江東軍馬錢糧	no
左司理參軍事	no
提舉在外宮觀	no
國史院同修撰	no
南外都水丞司	no
判鹽鐵憑由司	no
福建路市舶司	no
左金吾上將軍	no
提舉編修玉牒	no
沿海制置副使	no
議禮局檢討官	no
提轄封樁下庫	no
樞密院知雜房	no
太府寺監交案	no
左街守闕鑒義	no
知錄事參軍事	no
管勾宗室財用	no
秘書省太史案	no
制置發運判官	no
寶文閣直學士	no
劍南東川節度	no
外都水監丞司	no
龍圖閣直學士	no
判登聞鼓院事	no
山西路轉運使	no
右治獄驅磨案	no
行營兵馬都監	no
左武衛中郎將	no
制敕院生事房	no
駐扎御前某軍	no
知北院宣徽事	no
御前某軍統領	no
東京留守推官	no
南面行軍都統	no
左驍衛上將軍	no
監登聞檢院門	no
南院統軍都監	no
左右街僧錄司	no
左右中散大夫	no
賀金國正旦使	no
殿前司都點檢	no
內中高品押班	no
司農寺排岸司	no
實錄院檢討官	no
判某州軍州事	no
制敕院兵禮房	no
馬步軍指揮使	no
右金吾上將軍	no
三司某道判官	no
太史局保章正	no
提刑司緝捕官	no
步軍司虎翼軍	no
隨駕三司判官	no
行在三司副使	no
監登聞鼓院門	no
太史局挈壺正	no
南外都水監丞	no
西京留守推官	no
詳定一司敕令	no
比部司凴由案	no
知西京教門事	no
度支司支供案	no
翰林院天文官	no
主管步司公事	no
庫部司員外郎	no
太府寺平準案	no
都大提舉輦運	no
樞密院機速房	no
同知禮儀院事	no
南樞密院通事	no
上京留守判官	no
秘書省國史案	no
農田水利等事	no
樞密院支馬房	no
幹辦內東門司	no
權知宗正寺事	no
彰愍宮都部署	no
河北監牧使司	no
和劑局修合官	no
西京北班內品	no
戶部右曹侍郎	no
轉運司物料官	no
太史局春官正	no
集賢殿直學士	no
中書省生事房	no
守闕正名貼司	no
延慶宮都部署	no
觀文殿大學士	no
司天監天文官	no
積慶宮都部署	no
使院都孔目官	no
同知西京留守	no
左千牛衛將軍	no
右治獄開拆司	no
右領軍衛郎將	no
左金吾衛郎將	no
內侍右班都知	no
樞密院在京房	no
參知政事行府	no
提舉太醫局所	no
左神武軍統軍	no
燕京統軍副使	no
右武衛上將軍	no
權御史中丞事	no
經略司統制官	no
判留守司三司	no
軍器弩劍箭庫	no
北院樞密副使	no
同判軍器監事	no
延昌宮都部署	no
親王諸宮司使	no
大醫局熟藥所	no
中書省開拆房	no
南面行營都統	no
通判開封府事	no
平章軍國重事	no
兼譯經潤文使	no
翰林侍講學士	no
隨軍轉運判官	no
顯文閣直學士	no
太和宮都部署	no
司天監五官正	no
三司二十四案	no
宣撫處置副使	no
咸州兵馬詳穩	no
提點建隆觀所	no
兵部架閣文字	no
賀契丹正旦使	no
管勾左春坊事	no
東北路統軍使	no
門下省開拆房	no
秘書省都監司	no
翰林侍讀學士	no
提舉大晟府所	no
倉部司糶糴案	no
北外都水丞司	no
監某州支鹽倉	no
太史局中官正	no
權提舉國史院	no
判西外宗正事	no
三司都勾押官	no
緣邊都巡檢使	no
右神武軍將軍	no
顯謨閣直學士	no
內中高品班院	no
行在省倉中界	no
開封府界提點	no
吏部司員外郎	no
左驍衛中郎將	no
門下後省上案	no
在城兵馬鈐轄	no
檢正五房公事	no
馬步軍都總管	no
三司戶部勾院	no
屯田司員外郎	no
長寧宮都部署	no
樞密院都承旨	no
御營都副統制	no
太府寺第三案	no
御史臺推直官	no
入內北班內品	no
玉牒所檢討官	no
同知樞密院事	no
秘書省道教案	no
西南面安撫使	no
選衣甲器械庫	no
三司戶部諸案	no
門下省點檢房	no
譯經使兼潤文	no
入內祗候殿頭	no
西南兩外宗司	no
知東上閤門事	no
騎御馬左右直	no
東京留守判官	no
五路提舉保甲	no
轉運司勾當官	no
察訪某路常平	no
判吏部南曹事	no
勾當內東門司	no
戶部右曹郎官	no
御前忠佐軍頭	no
散員右第二班	no
寶謨閣直學士	no
左龍武軍將軍	no
同群牧事知州	no
中書審官西院	no
南京三司副使	no
開封府六曹官	no
勾當右廂公事	no
御前忠佐將校	no
利州路第三將	no
開府儀同三司	no
緣邊安撫副使	no
左斷刑開拆司	no
入內高品押班	no
太史局冬官正	no
入內祗候殿直	no
同主管左春坊	no
鈞容直第一班	no
入內黃門班院	no
監軍器衣甲庫	no
三司都磨勘司	no
都水監外監丞	no
翰林學士承旨	no
端明殿大學士	no
秘書省承受官	no
東西廣備指揮	no
東宮小學教授	no
內侍右副都知	no
金吾衛大將軍	no
同知中京留守	no
管勾御史臺事	no
祗候黃門內品	no
臨安府學教授	no
樞密院寫宣房	no
臨安府三倅廳	no
太史局靈臺郎	no
三司勾當公事	no
北面林牙承旨	no
入內祗候侍禁	no
伴飯都指揮使	no
左領衛上將軍	no
北院副統軍使	no
吏部侍郎右選	no
同主管右春坊	no
司勳官告院事	no
吏部左選侍郎	no
編校史館書籍	no
衙內都指揮使	no
右屯衛中郎將	no
度支司賞賜案	no
步軍副都軍頭	no
四廂都指揮使	no
中京度支副使	no
司天監挈壺正	no
騎御馬直小底	no
尚書二十四司	no
徽猷閣直學士	no
準備聽候使喚	no
提舉茶場買馬	no
樞密院副承旨	no
國子監書庫官	no
監金耀門書庫	no
左右中奉大夫	no
判軍糧營田事	no
玉牒所提舉官	no
管勾公主宅事	no
入內殿頭小底	no
尚書省右丞廳	no
太府寺市易案	no
左右街正僧錄	no
太常寺協律郎	no
提舉常平等事	no
提舉義勇保甲	no
國子四門博士	no
主管尚書省禮	no
行在大宗正司	no
中書後省上案	no
右監門衛郎將	no
權發遣三司使	no
監太平惠民局	no
三司都理欠司	no
入內後苑內品	no
內侍省都知司	no
樞密副都承旨	no
同判大宗正事	no
兩浙提舉市舶	no
軍器所軍器案	no
西北路招討使	no
淮東軍馬錢糧	no
判某州軍府事	no
同簽部署司事	no
沿海制置使司	no
同知宗正司事	no
權領樞密院事	no
權發遣三司事	no
臨安府當直司	no
入內祗候高品	no
駐泊兵馬鈐轄	no
講議司詳定官	no
比部司知雜案	no
紹興府宗正司	no
驍雄副指揮使	no
沿邊都巡檢使	no
銀青光祿大夫	no
侍衛親軍馬軍	no
勾當左騏驥院	no
監在京店宅務	no
渾儀所主管官	no
都水監內監丞	no
吏部右選侍郎	no
南院樞密副使	no
倉部司給納案	no
樞密院都統制	no
尚書省催驅房	no
太常寺奉禮郎	no
淮東總領財賦	no
入內內侍都知	no
內殿直都虞候	no
路分兵馬都監	no
提舉諸司庫務	no
監合同憑由司	no
左武衛大將軍	no
三門白波都監	no
司農寺草料場	no
太史局天文科	no
文德殿鐘鼓院	no
南外大宗正丞	no
監市舶司使臣	no
本城兵馬都監	no
金部司員外郎	no
大理寺法直官	no
勾當染院公事	no
倉部司知雜案	no
大晟府大樂令	no
太史局夏官正	no
比部司理欠案	no
右治獄檢法案	no
入內把門內品	no
南樞密院敞史	no
主管大內公事	no
檢正中書五房	no
提舉一行事務	no
右羽林軍統軍	no
知西外宗正事	no
領軍衛大將軍	no
中京留守推官	no
管勾文字生辰	no
勾管文思院事	no
尚書省點檢房	no
開封府軍巡院	no
權司農寺都丞	no
某府府學教授	no
左斷刑詳斷案	no
祗候高班內品	no
皇城司探事司	no
知審官東院事	no
左領衛中郎將	no
南京留守推官	no
同知上京留守	no
權三司使公事	no
三司度支副使	no
在京都糧料使	no
中京留守判官	no
馬軍都指揮使	no
南院副統軍使	no
三門白波發運	no
郡王閤管勾所	no
制置茶鹽副使	no
京畿孳生馬監	no
知審官西院事	no
禮部奉使帳案	no
三司都憑由司	no
走馬承受公事	no
皇后廟宮闈令	no
知南院樞密事	no
諸班都指揮使	no
度支司發運案	no
煥章閣直學士	no
內侍省都都知	no
總計度司判官	no
謀議司詳議官	no
右龍武軍統軍	no
宣撫處置使司	no
左右街副僧錄	no
契丹行宮判官	no
勾當右春坊事	no
監軍器弓槍庫	no
江淮鑄錢公事	no
樞密院尅擇官	no
樞密院講議司	no
入內殿頭高品	no
昭文館大學士	no
樞密院廣西房	no
監某州比較務	no
鑄印司篆文官	no
應天府敦宗院	no
內客省使廳事	no
同知太常禮院	no
入內祗候內品	no
同群牧處置使	no
殿前司都虞候	no
經略安撫副使	no
提領編修玉牒	no
樞密院十二房	no
散直右第二班	no
諸直副指揮使	no
勾當左春坊事	no
同判大宗正司	no
右治獄知雜案	no
度支司知雜案	no
權發遣轉運使	no
秘書省翰林司	no
安撫使司撫僚	no
樞密院民兵房	no
散直左第一班	no
資善小學教授	no
點檢閤門簿書	no
集賢殿大學士	no
膳部司員外郎	no
管勾同文館所	no
秘書省著作郎	no
直翰林醫官院	no
入內內班都知	no
天文官十六階	no
供御副兵馬使	no
都總管司承受	no
御史臺諸寺監	no
馬步軍都部署	no
知南外都水丞	no
門下省章奏房	no
主管侍衛步軍	no
南京留守判官	no
檢校刑部尚書	no
西京左藏庫使	no
華文閣直學士	no
左屯衛中郎將	no
安撫制置大使	no
右司理參軍事	no
入內文思副使	no
司門司員外郎	no
提點綱馬驛程	no
閤門覺察舍人	no
知北院大王事	no
天駟左第一監	no
知大理寺卿事	no
城内左廂巡檢	no
宣和殿大學士	no
路提舉鹽事司	no
館閣編校書籍	no
御馬都指揮使	no
殿中御史裏行	no
左屯衛大將軍	no
殿中監少丞簿	no
掌起居舍人事	no
黃門左班都知	no
未出請受官身	no
提舉編類聖政	no
勾當公主宅事	no
提領戶部財用	no
檢校太子賓客	no
左斷刑知雜司	no
安撫使司僉廳	no
入內內殿承制	no
右驍衛大將軍	no
殿中省六尚局	no
祠部司道釋案	no
拘押官物使臣	no
司天監春官正	no
左右騎御馬直	no
秘書省測驗所	no
知南院宣徽事	no
樞密院河西房	no
北樞密院敞史	no
倉部司上供案	no
制敕院孔目房	no
入內黃門都知	no
某軍軍學教授	no
同知燕京留守	no
巡轄馬遞鋪官	no
主管吏部架閣	no
幕職州縣官院	no
刑部司員外郎	no
國子四門助教	no
秘書省祝版案	no
敷文閣直學士	no
招撫使司統制	no
安撫司管勾官	no
龍衛左廂都校	no
翰林天文局生	no
外都水監使者	no
樞密院支差房	no
左斷刑宣黃案	no
安撫制置副使	no
監某地都稅院	no
司天監靈臺郎	no
左龍武軍統軍	no
劍南西川節度	no
河北兵馬元帥	no
太府寺第一案	no
主管右春坊事	no
右羽林軍將軍	no
散直左第二班	no
御前忠佐六資	no
騎馬直指揮使	no
三司總計度使	no
比部司磨勘案	no
簽書樞密院事	no
司天監秋官正	no
金部司左藏案	no
檢校禮部尚書	no
西京外宗正司	no
上京留守推官	no
左右金吾街司	no
入內內庭承制	no
御營宿衛使司	no
右金吾衛郎將	no
勾當左廂公事	no
城東都巡檢使	no
中書省班簿房	no
殿前司騎胄案	no
職方司員外郎	no
倉部司開拆案	no
知某州軍府事	no
四道都總管府	no
三司幹當公事	no
天章閣直學士	no
大晟府製撰使	no
秘書省知雜案	no
樞密院北面房	no
左驍衛大將軍	no
同判司天監事	no
充某州軍州事	no
河南府敦宗院	no
東上閤門副使	no
知起居舍人事	no
鍾鼓院主管官	no
判大宗正司事	no
提舉汴河堤岸	no
管勾右春坊事	no
左斷刑架閣庫	no
召赴都堂審察	no
勾當鼓司公事	no
編修中書條例	no
大理寺斷覆官	no
天武副指揮使	no
司天監保章正	no
大理寺檢法官	no
守闕系名楷書	no
轉運副使計度	no
知左右內史事	no
守闕進義副尉	no
興聖宮都部署	no
殿前司虎翼軍	no
吏部尚書左選	no
磨勘京朝官院	no
馬步軍副部署	no
判度支憑由司	no
尚書工部員外	no
同簽書樞密院	no
右驍衛中郎將	no
門下省班簿房	no
太府寺第二案	no
文思院上下界	no
散員右第一班	no
制置茶鹽判官	no
右千牛衛將軍	no
知引進司公事	no
軍器所事務案	no
寶章閣直學士	no
四輔郡都總管	no
知南院大王事	no
左金吾街仗司	no
京城四面巡檢	no
皇太子宮承受	no
提舉某路茶稅	no
太史局曆算科	no
督府幹辦架閣	no
大都督府長史	no
管勾機宜文字	no
路分都鈐轄司	no
北院宣徽副使	no
榷貨務都茶場	no
天武都指揮使	no
千牛衛上將軍	no
右武衛大將軍	no
知西上閤門事	no
三司戶部判官	no
樞密院省馬院	no
太府寺第六案	no
御史臺六察司	no
比部司勾覆案	no
御史臺檢法官	no
左街講經首座	no
三司度支勾院	no
尚書省左丞廳	no
殿前御龍諸直	no
尚書省習學官	no
主管閤門公事	no
三司度支判官	no
河南監牧使司	no
檢正諸房公事	no
中書省點檢房	no
右神武軍統軍	no
店宅務專知官	no
御營參贊軍事	no
主管宗室財用	no
三司鹽鐵副使	no
西天譯經三藏	no
金部司右藏案	no
權提舉實錄院	no
內中高品都知	no
節度觀察留後	no
監文思院上界	no
西京糧料院使	no
述古殿直學士	no
龍武軍大將軍	no
經史子集四庫	no
提舉太史局所	no
提舉市舶司官	no
管幹右廂公事	no
西南面招討使	no
司天監中官正	no
西上閤門副使	no
戶部左曹郎中	no
奉慈廟宮闈令	no
燕京留守判官	no
學士院孔目官	no
同知元帥府事	no
都提舉市易司	no
都督府參議官	no
招撫使司統領	no
太府寺第四案	no
戶部左曹郎官	no
京城左軍巡院	no
同判太常禮院	no
主管戶部架閣	no
提點五房公事	no
上京鹽鐵副使	no
判某府軍府事	no
右監門衛將軍	no
弘義宮都部署	no
簽署樞密院事	no
經制發運使司	no
下都輦官長行	no
臨安府軍資庫	no
司天監冬官正	no
崇文殿校書郎	no
左右龍武統軍	no
左斷刑分簿案	no
安撫使司幕官	no
經略安撫使司	no
門下省催驅房	no
樞密院計議官	no
檢校國子祭酒	no
兩浙路市舶官	no
東班諸司副使	no
龍健軍都虞候	no
沿江制置大使	no
左武衛上將軍	no
監察御史裏行	no
左監門衛郎將	no
內侍省副都知	no
知司錄參軍事	no
西京作坊副使	no
殿前司勝捷軍	no
判三司磨勘司	no
吏部侍郎左選	no
北院統軍都監	no
守闕進勇副尉	no
左金吾衛將軍	no
同知東京留守	no
駕部司員外郎	no
同平章軍國事	no
同知南京留守	no
金紫光祿大夫	no
樞密院小吏房	no
樞密院教閲房	no
翰林祗候醫人	no
同判宗正寺事	no
判三司三勾院	no
都督府參謀官	no
太史局天文院	no
右街守闕鑒義	no
戶部右曹郎中	no
司勳司員外郎	no
開封府學博士	no
同判將作監事	no
左羽林軍統軍	no
殿前司拱聖軍	no
殿前司神勇軍	no
右屯衛大將軍	no
左監門衛將軍	no
保和殿大學士	no
行在省倉上界	no
保和殿直學士	no
御營司參議官	no
審官西院主簿	no
左神武軍將軍	no
東京戶部副使	no
兵部司員外郎	no
右金吾街仗司	no
御前某軍統制	no
南京外宗正司	no
殿前副都點檢	no
太史局五官正	no
同群牧制置使	no
馬步軍副總管	no
三司鹽鉄諸案	no
資政殿大學士	no
開封府司錄司	no
右領軍衛將軍	no
臨安府架閣庫	no
西南面同巡檢	no
實錄院同修撰	no
臨安府排岸司	no
主客司員外郎	no
開封府檢校庫	no
秘書省經籍案	no
西京留守判官	no
殿前司左翼軍	no
知左夷離畢事	no
右神武大將軍	no
度支司度支案	no
日曆所檢討官	no
權發遣三使事	no
國史院檢討官	no
考課京朝官院	no
殿前司廣勇軍	no
安撫使司帥屬	no
知入內內侍省	no
三司戶部副使	no
條例司檢詳官	no
敦睦宮都部署	no
內東頭供奉官	no
西京轉運副使	no
翰林醫官副使	no
司農管當公事	no
京城右軍巡院	no
都大發運判官	no
千牛衛大將軍	no
吏部左選郎官	no
某州州學教授	no
閤門看班祗候	no
樞密院五房院	no
秘書省八品吏	no
右治獄表奏司	no
監左藏封樁庫	no
守闕入內院子	no
皇太子宮祗候	no
京朝官差遣院	no
權群牧制置使	no
司天監天文科	no
知臨安軍府事	no
太史局秋官正	no
內侍省內侍班	no
管勾祥源觀事	no
判戶部憑由司	no
水部司員外郎	no
監國子監公廚	no
鎮節度使從事	no
左屯衛上將軍	no
權殿前司公事	no
右屯衛上將軍	no
行在省倉下界	no
監門衛大將軍	no
中書審官東院	no
左羽林軍將軍	no
提舉左春坊事	no
權知開封府事	no
戶部司員外郎	no
倉部司倉場案	no
樞密院編修司	no
某軍節度判官	no
監文思院下界	no
同管勾安撫司	no
兵馬副都部署	no
主管架閣文字	no
權判司天監事	no
秘書省校書郎	no
知右夷離畢事	no
兵部勾當公事	no
御史臺六察案	no
編校秘閣書籍	no
醫官二十二階	no
文書几閣之官	no
知某州軍州事	no
閤門宣贊舍人	no
三司鹽鐵判官	no
翰林局天文官	no
殿前司開拆司	no
主管機宜文字	no
左斷刑磨勘案	no
太府寺第五案	no
散員左第二班	no
監金耀門紙庫	no
國用司參計官	no
行省平章政事	no
主管某司公事	no
城西都巡檢使	no
管庫兵五階級	no
玉清昭應宮使	no
牢城都指揮使	no
北樞密院通事	no
某州某曹參軍	no
管勾仙韶公事	no
殿中省提舉所	no
御史臺根勘所	no
司天監三式科	no
檢校吏部尚書	no
述古殿大學士	no
都大催遣輦運	no
光祿寺太官令	no
檢校兵部尚書	no
侍衛親軍步軍	no
殿前司驍騎軍	no
南京統軍副使	no
檢校戶部尚書	no
入內小底都知	no
右龍武軍將軍	no
勾當右騏驥院	no
監國子監書庫	no
皇太子宮講堂	no
皇太子宮都監	no
提舉在京諸司	no
六軍儀仗司事	no
權幹辦後苑官	no
尚書省左仆射	no
內中黃門小底	no
監諸司審計司	no
集賢院大學士	no
尚書省左右司	no
三司鹽鐵勾院	no
步軍都指揮使	no
工部司員外郎	no
右武衛中郎將	no
賀契丹生辰使	no
皇侄皇孙教授	no
提舉某路軍馬	no
外處揀來內品	no
同知大宗正事	no
左右廂店宅務	no
散員左班都知	no
倉部司員外郎	no
同提舉司天監	no
判三司都勾院	no
侍御史知雜事	no
知縣事兼軍使	no
監行在文思院	no
左右天駟四監	no
提舉三司帳司	no
散員左第一班	no
監在京市易務	no
左右金吾仗司	no
左千牛衛長史	no
左右朝議大夫	no
譯經三藏法師	no
三司度支諸案	no
同管勾司天監	no
中書檢正公事	no
廟令差遣待詔	no
同提領安邊所	no
制置三司條例	no
永昌宮都部署	no
提點府界公事	no
入內高班內品	no
同判都水監事	no
六軍諸衛推官	no
中書後省下案	no
入內殿頭高班	no
尚書省官告院	no
鈞容直第二班	no
考校京朝官院	no
提舉弓箭手司	no
西南外敦宗院	no
提舉茶鹽公事	no
編校集賢書籍	no
提舉右春坊事	no
城内右廂巡檢	no
監在京樓店務	no
北院副都部署	no
賀金國生辰使	no
東南道都總管	no
提點坑冶鑄錢	no
提轄封樁上庫	no
東南三總領所	no
南院宣徽副使	no
入內左藏庫使	no
秘書省日曆案	no
路提舉市舶司	no
提領措置財用	no
講議司參詳官	no
中書省催驅房	no
馬步軍專勾司	no
知大宗正司事	no
鹽事司主管官	no
同提舉修政局	no
檢校工部尚書	no
路分兵馬鈐轄	no
殿前都指揮使	no
金部司請給案	no
秘書省儀鵉司	no
散員都指揮使	no
監修國史日曆	no
右金吾衛將軍	no
某軍第某正將	no
左領軍衛將軍	no
倉部司勾覆案	no
尚書省詳議司	no
吏部尚書右選	no
大理寺詳斷官	no
知南外宗正事	no
都督府回易庫	no
總領所總轄官	no
門下省給事中	no
散直右第一班	no
察院副都承旨	no
官告院綾紙庫	no
編校昭文書籍	no
書寫機宜文字	no
東西班指揮使	no
御前忠佐散員	no
路提舉學事官	no
糾察在京刑獄	no
提舉修日曆官	no
入內侍省押班	no
刑部架閣文字	no
金部司知雜案	no
知雄州機宜司	no
內侍省祗候班	no
驍武副指揮使	no
元帥府掌書記	no
馬步軍都軍頭	no
權制置使司事	no
同判司農寺事	no
節度行軍司馬	no
閤門通事舍人	no
監在城商稅務	no
司天監天文院	no
尚書省講議司	no
水部員外郎	no
工部兵匠案	no
牧養上下監	no
大理寺右推	no
中書檢正官	no
河北糴便司	no
判衛尉寺事	no
提轄修內司	no
睿思殿供奉	no
司天監禮生	no
四川宣總司	no
翰林圖畫局	no
緣邊安撫使	no
錄事參軍事	no
四川茶馬司	no
南外都水丞	no
中臺省左相	no
提刑司幹官	no
前省都都知	no
秘書省都監	no
左街僧錄司	no
左街正道錄	no
太史局直長	no
南皮室詳穩	no
諸路鑄錢司	no
軍器弓槍庫	no
旌節官告使	no
京西排岸司	no
左皮室詳穩	no
提轄東西庫	no
內侍副都知	no
帳幹或帳勾	no
措置糴便司	no
殿前司法司	no
翰林醫官局	no
皇城司檢法	no
勾當天章閣	no
陸路發運使	no
左朝請大夫	no
刪定編修官	no
內弓箭外庫	no
親賢宅直講	no
尚書省仆射	no
刑部追毀案	no
同醴泉觀使	no
戶部檢法官	no
判金部司事	no
東門取索司	no
經略制置司	no
同判帳籍司	no
東南道總管	no
北院都部署	no
中京度支使	no
衛尉寺主簿	no
析津府少尹	no
判光祿寺事	no
提舉市舶務	no
騎御馬右直	no
右班副都知	no
司封司郎中	no
少府監少監	no
光祿寺少卿	no
知大宗正司	no
宣撫司隊官	no
西南面巡檢	no
殿中省主簿	no
太子率更令	no
都官司郎中	no
華文殿修撰	no
監弩劒箭庫	no
戶部憑由司	no
東宮講讀官	no
刑部會問案	no
太學內舍生	no
添差覆考官	no
太常奉禮郎	no
主管架閣官	no
同知內侍省	no
親王府長史	no
勾當群牧司	no
供備庫副使	no
管勾御藥院	no
禮部員外郎	no
天章閣侍講	no
幹辦御藥院	no
左街副道錄	no
陝西節制使	no
知宗正司事	no
判大宗正司	no
提舉糴便司	no
刑部詳覆案	no
尚書右僕射	no
監登聞鼓院	no
路分副都監	no
內侍省黃門	no
實錄院修撰	no
少府監主簿	no
左右飛龍院	no
刑部詳斷官	no
刑部司郎中	no
尚書省右丞	no
右衛上將軍	no
勾當內東門	no
皇子位伴讀	no
尚書左右丞	no
在京寺務司	no
保和殿學士	no
太學外舍生	no
幹辦皇城司	no
左正奉大夫	no
充某軍節度	no
司戶參軍廳	no
學士司幹官	no
兩浙市舶司	no
吏部司郎中	no
威武大將軍	no
守闕書令史	no
司法參軍事	no
秘閣上下庫	no
禮部封冊案	no
幹當御藥院	no
左通議大夫	no
福建市舶司	no
商旅檢討官	no
權三司使事	no
內侍省班院	no
契丹國信使	no
門下省戶房	no
公事幹當官	no
敷文直學士	no
虞部司郎官	no
太府寺藥案	no
水路發運使	no
三司會計司	no
西京國子監	no
行在三司使	no
顯文閣待制	no
判尚書考功	no
鹽鐵憑由司	no
博士弟子員	no
刑部定奪案	no
大理寺司直	no
點檢通進司	no
西外宗正司	no
判登聞院事	no
宿直小將軍	no
提舉醴泉觀	no
左春坊謁者	no
駕部司郎官	no
南院副部署	no
國子監錄事	no
西上閤門司	no
煥章閣待制	no
資善堂都監	no
轉運糧草官	no
御書院專副	no
大理斷刑丞	no
刑部舉敘案	no
提舉市舶官	no
太醫局局生	no
史館孔目官	no
刑部頒降案	no
延昌宮副使	no
入內文思使	no
孔目房檢正	no
提舉常平官	no
秘書校書郎	no
水部司郎官	no
權刑部尚書	no
右散騎常侍	no
顯謨直學士	no
正系名楷書	no
諸道進奏院	no
博買都茶場	no
路察訪副使	no
紹興府行司	no
提舉萬壽觀	no
尚書省戶房	no
郡王府教授	no
樞密院使臣	no
司天曆算科	no
提點修造司	no
東班殿侍院	no
東班諸司使	no
在京市易務	no
龍圖閣學士	no
權發遣公事	no
京北排岸司	no
東京留守司	no
左藏庫副使	no
右街副僧錄	no
刑部員外郎	no
金吾衛長史	no
樞密院吏人	no
察院都承旨	no
提舉茶鹽司	no
尚書省都事	no
受納匹緞庫	no
簽書判官廳	no
城內兩廂官	no
左散騎常侍	no
製造軍器所	no
刑部體量案	no
主管觀壽觀	no
左太中大夫	no
兵部開拆案	no
權戶部尚書	no
前殿都都知	no
宣仁殿御藥	no
三京府判官	no
翰林都林牙	no
樞密院五房	no
入內副都知	no
六曹員外郎	no
詳定編敕所	no
右軍巡院獄	no
三司開拆司	no
大理寺斷官	no
汴河堤岸司	no
縣小學教諭	no
南外宗正司	no
兵馬大元帥	no
主管官告院	no
三司推勘院	no
翰林醫官院	no
前行員外郎	no
制置條例司	no
沿海制置司	no
永興宮副使	no
勾當資善堂	no
提點太醫局	no
右宣奉大夫	no
觀文殿修撰	no
尚書省禮部	no
鴻臚寺少卿	no
大理寺左推	no
翰林圖畫院	no
掌起居郎事	no
宗正寺執掌	no
西八作副使	no
臨安府三獄	no
左右天駟監	no
判留司三司	no
睦親宅都講	no
提點皇城司	no
使院勾押官	no
法酒庫副使	no
北院夷離堇	no
淮東總領所	no
屯衛上將軍	no
御前軍器所	no
樞密院刑房	no
三司河渠司	no
東宮三少官	no
供御廚庫子	no
樞密院將帥	no
御前都統制	no
判考功司事	no
軍器什物庫	no
學士院錄事	no
大內內侍省	no
監鹽酒稅務	no
提舉學士司	no
兩京敦宗院	no
右司理參軍	no
三門發運使	no
殿中侍御史	no
判司勳司事	no
四庫書直官	no
左驍衛將軍	no
同製撰文字	no
左武衛將軍	no
外都水監丞	no
度支司郎官	no
監門衛將軍	no
尚書省六部	no
西班殿侍院	no
職方司郎中	no
右皮室詳穩	no
工部檢法案	no
尚書左仆射	no
圖畫院學生	no
東作坊副使	no
在京糧料院	no
三司勾覆官	no
陝西買馬司	no
勾當河渠司	no
右中散大夫	no
西京御史臺	no
右街正道錄	no
開封府判官	no
鎮兵馬監押	no
西作坊副使	no
工部營造案	no
監牧指揮使	no
華文閣待制	no
知通進司官	no
右屯衛將軍	no
內軍器五庫	no
江淮發運使	no
遙郡觀察使	no
左奉直大夫	no
勾當軍頭司	no
左右天廄坊	no
提舉國史院	no
經制發運使	no
行在軍巡鋪	no
進士覆考官	no
轉運司判官	no
通判某軍事	no
虞部司郎中	no
開封府司錄	no
正醫學教授	no
右文殿修撰	no
右奉直大夫	no
掠錢親事官	no
知建州倉事	no
權醫學教授	no
權禮部侍郎	no
行在排岸司	no
寶文閣待制	no
安撫司機宜	no
廣文館博士	no
膳部司郎中	no
國用參計官	no
承送親事官	no
監秘閣圖書	no
國子監說書	no
諸軍都統制	no
簽書樞密院	no
翰林司公事	no
尚書省左丞	no
州兵馬都監	no
州兵馬鈐轄	no
太學三舍生	no
皇城司幹辦	no
右街正僧錄	no
諸班都虞候	no
沿河安撫使	no
陝西監牧司	no
京東排岸司	no
右廂提點司	no
提領度牒所	no
副都指揮使	no
三司左計使	no
翰林書藝局	no
南京三司使	no
提舉常平司	no
經略安撫使	no
戶部員外郎	no
提舉馬遞鋪	no
刑部制勘案	no
左右羽林軍	no
諸科出義官	no
三司孔目官	no
睦親宅講書	no
制敕院刑房	no
士曹左推獄	no
步軍都虞候	no
入內內班院	no
知右街司事	no
受納衣物庫	no
太醫局齋諭	no
識字黃院子	no
南院都承旨	no
同知閤門事	no
提領修國史	no
監左藏西庫	no
文思院架閣	no
宗正寺主簿	no
行在會子務	no
殿前司推案	no
監內香藥庫	no
遙郡承宣使	no
權刑部侍郎	no
千牛衛將軍	no
江東總領所	no
知箭門仗官	no
主客司郎中	no
西京灑掃班	no
西外敦宗院	no
東京副留守	no
文華閣待制	no
左護衛太保	no
諸州曹掾官	no
左右天廄院	no
宗正寺伴讀	no
權兵部侍郎	no
庫部員外郎	no
三司檢法官	no
提舉司勾當	no
觀文殿學士	no
御書院待詔	no
將作監少監	no
尚書省左司	no
比部司郎官	no
安撫制置使	no
左騏驥副使	no
左武衛郎將	no
入內供奉官	no
主管太醫局	no
臨安府北倅	no
翰林書藝學	no
管勾國信所	no
内牙指揮使	no
太和宮副使	no
益州交子務	no
諸司參軍事	no
冠軍大將軍	no
國子監主簿	no
判門下省事	no
提舉修敕令	no
翰林醫官使	no
太府寺主簿	no
催促裝綱官	no
判昭文館事	no
延和殿學士	no
司天冬官正	no
提舉茶鹽官	no
糾察刑獄司	no
判樞密院事	no
抵當免行所	no
刑部十三案	no
導洛通汴司	no
太僕寺主簿	no
沿海制置使	no
集英殿修撰	no
永昌宮副使	no
在京斗秤務	no
淮東總領司	no
外宗正主簿	no
提舉十閣分	no
提點醴泉觀	no
三班院祗候	no
紫宸殿學士	no
詳定敕令官	no
縣兵馬監押	no
左右街都監	no
大晟府製撰	no
判尚書都省	no
寶章閣待制	no
神武軍將軍	no
同修起居注	no
內侍省寄班	no
判度支公事	no
北院副承旨	no
北面都林牙	no
龍衛上四軍	no
工部工作案	no
勛位府中郎	no
大同府少尹	no
供御指揮使	no
南道副總管	no
中書制敕庫	no
諸司專勾司	no
提舉皇城司	no
御史臺主簿	no
州兵馬部署	no
制置副使司	no
寳慶閣學士	no
太子右春坊	no
金國告哀使	no
某州防禦使	no
司農寺少卿	no
兵馬都鈐轄	no
提舉太史局	no
幹辦審計司	no
權六曹侍郎	no
度支憑由司	no
北院小將軍	no
知雜侍御史	no
右朝請大夫	no
左朝議大夫	no
尚書左右曹	no
刑部進擬案	no
尚書駕部郎	no
監館閣書籍	no
判太常禮院	no
駕部司郎中	no
考功司郎官	no
南京副留守	no
華文閣學士	no
提領實錄院	no
開封府三院	no
秘書監修撰	no
提舉諸司官	no
常平司幹官	no
都大提點所	no
承宣觀察使	no
尚書右仆射	no
經略制置使	no
權吏部侍郎	no
南院都部署	no
提舉敕令所	no
太常寺少卿	no
親王府直講	no
添差初考官	no
入內都都知	no
散祗候右班	no
判駕部司事	no
提轄文思院	no
提刑司諮議	no
諸班指揮使	no
左計司判官	no
南院統軍使	no
湖北總領所	no
散員都虞候	no
檢查宮陵所	no
秘書省讀書	no
主管市舶務	no
管内安撫使	no
沿江制置使	no
樞密院給使	no
禮部宗正案	no
鈐轄教坊所	no
左右金吾仗	no
同判太史局	no
太廟宮闈令	no
西京敦宗院	no
尚書省工部	no
庫部司郎中	no
入內小黃門	no
崇德宮副使	no
騎御馬左直	no
尚書省吏房	no
太平惠民局	no
提舉鹽稅司	no
權六部侍郎	no
諸司糧料院	no
都水監主簿	no
提點降賜庫	no
門下省刑房	no
判戶部勾院	no
正文字之官	no
制置解鹽使	no
知大宗正寺	no
同知樞密院	no
知宗正丞事	no
上輕軍都尉	no
提舉糴便所	no
左斷刑法司	no
樞密院禮房	no
監登聞檢院	no
同判司天監	no
右屯衛郎將	no
樞密院東廚	no
西京作坊使	no
權發遣某府	no
中書省兵房	no
崇文院校書	no
司封司郎官	no
權禮部尚書	no
初考經學官	no
農寺排岸司	no
北作坊副使	no
南道都總管	no
兵部賞功案	no
後苑造作所	no
行營都部署	no
權領樞密院	no
諸直副都頭	no
上京副留守	no
行宮禁衛所	no
左衛大將軍	no
遼陽府少尹	no
吏部員外郎	no
集賢殿修撰	no
大宗正寺丞	no
西染院副使	no
門下省禮房	no
作坊物料庫	no
司天監主簿	no
提舉學事官	no
太常寺主簿	no
鎮國大將軍	no
制置大使司	no
左通奉大夫	no
西京轉運使	no
同管勾經制	no
宣和殿學士	no
管勾太醫局	no
判司封司事	no
長寧宮副使	no
紹興府宗司	no
南作坊副使	no
制敕院戶房	no
尚書省右司	no
殿前指揮使	no
考功員外郎	no
寶謨閣待制	no
北護衛太保	no
北道副總管	no
編修敕令所	no
司天監少監	no
勾當八作司	no
司理參軍事	no
實錄同修撰	no
管勾安撫司	no
領樞密院事	no
天章閣待制	no
主管諸司官	no
南京留守司	no
判度支司事	no
殿中省少監	no
上御藥供奉	no
京城軍巡鋪	no
資善堂直講	no
判太僕寺事	no
郡王府翊善	no
分差糧料院	no
判國子監事	no
左金吾街司	no
上輕車都尉	no
天策上將軍	no
內弓箭內庫	no
判都水監事	no
文房院副使	no
幽都府少尹	no
翰林御書院	no
南海岳廟令	no
知大宗正丞	no
殿中省進馬	no
資善堂贊讀	no
殿前司兵案	no
三省都錄事	no
東京司備軍	no
金部司郎中	no
中京副留守	no
保州敦宗院	no
右太中大夫	no
冗官檢討官	no
禮部禮樂案	no
尚書省禮房	no
宗子學博士	no
尚書左僕射	no
六軍儀仗司	no
州駐泊都監	no
主管殿前司	no
刑部法直官	no
河南北監牧	no
右護衛太保	no
都轄房使臣	no
直宣徽北院	no
提舉解鹽司	no
淮西總領所	no
左宣奉大夫	no
判職方司事	no
都省講議司	no
編類聖政所	no
東綾錦副使	no
寨兵馬監押	no
祠部司郎官	no
中行員外郎	no
中臺省右相	no
督視軍馬府	no
倉部司郎官	no
司戶參軍事	no
衣糧親事官	no
北道大總管	no
開封府少尹	no
四川總領所	no
惠民和劑局	no
廣備攻城作	no
太廟宮闈丞	no
州兵馬監押	no
將作監主簿	no
主管禁衛所	no
驍武指揮使	no
內侍省內品	no
知都水監丞	no
文明殿學士	no
勾當翰林院	no
縣小學小長	no
煥章閣學士	no
尹牧檢討官	no
經制財用司	no
兵部檢法案	no
西京副留守	no
右軍巡判官	no
健飯都指揮	no
日曆修書官	no
鴻臚寺主簿	no
某州醫博士	no
右驍衛郎將	no
管勾敦宗院	no
譯經潤文官	no
經制盜賊事	no
東京戶部使	no
覆考經學官	no
太常禮儀院	no
翰林醫局官	no
判司天臺事	no
中書省工房	no
出賣解鹽司	no
中書省吏房	no
遙輦大敞穩	no
權工部侍郎	no
太醫局齋長	no
大晟府主簿	no
尚書省兵房	no
御史臺四推	no
國用參計所	no
南院宣徽使	no
判集賢院事	no
右司員外郎	no
引進司副使	no
監內衣物庫	no
諸軍專勾司	no
左街正僧錄	no
臨安府推官	no
都水監使者	no
諸王宮都講	no
左司員外郎	no
兵部員外郎	no
司封員外郎	no
諸王府翊善	no
宣和殿待制	no
右春坊謁者	no
西南外兩司	no
翰林直學士	no
徽猷直學士	no
司天監監生	no
司農寺主簿	no
太子左庶子	no
都總管承受	no
馬步都虞候	no
資善堂伴讀	no
京南排岸司	no
坑冶司幹官	no
輔國大將軍	no
次供御輦官	no
集賢殿學士	no
南省員外郎	no
判祠部司事	no
秘書省檢閱	no
宣徽北院使	no
都知兵馬使	no
右正議大夫	no
轉運通判官	no
提轄措置司	no
管勾龍圖閣	no
監斗秤務官	no
東頭供奉官	no
學士院權直	no
江淮都督府	no
北外監丞司	no
積慶宮副使	no
戶部度支使	no
樞密院承旨	no
吏部尚書銓	no
吏部格式司	no
御書院藝學	no
大小學教授	no
凝神殿校籍	no
太醫局司書	no
捧日上三軍	no
端明殿學士	no
河北監牧使	no
崇政殿說書	no
秘書省少監	no
提舉庫務官	no
親王府贊讀	no
龍圖閣待制	no
知司天監事	no
御前弓馬所	no
親賢宅講書	no
御輦院公吏	no
都官員外郎	no
都大發運使	no
南外敦宗院	no
東京統軍使	no
御史臺三院	no
主管進奏院	no
監戶部酒庫	no
兩廂店宅務	no
西上閤門使	no
司法參軍廳	no
保和殿待制	no
皇子位說書	no
比部員外郎	no
勾當御藥院	no
提舉修造司	no
制置屯田使	no
勾當引見司	no
廂界都所由	no
軍器監主簿	no
權中書舍人	no
親王府侍講	no
同主管經制	no
右中奉大夫	no
親王府侍讀	no
崇文院檢討	no
沿江安撫使	no
知審刑院事	no
府倉曹參軍	no
御書院祗候	no
權發遣府事	no
三司都勾院	no
留司御史臺	no
尚書省工房	no
提舉保甲司	no
雲韶部内品	no
南京敦宗院	no
主管官告局	no
禮部表奏案	no
馬軍都虞候	no
勾當騏驥院	no
權吏部尚書	no
御龍弓箭直	no
殿前都虞候	no
監某地鹽場	no
主管官誥院	no
茶酒班殿侍	no
勾當竹木務	no
禮部檢法案	no
主管御藥院	no
資善堂說書	no
東上閤門使	no
吏部架閣官	no
右正奉大夫	no
總領海船所	no
銀臺司令史	no
秘書省正字	no
東上閤門司	no
司天靈臺郎	no
監造下人吏	no
管勾御史臺	no
興聖宮副使	no
淮西總領司	no
賦調檢討官	no
左右朝請郎	no
監門下人吏	no
太常寺大樂	no
兵馬都部署	no
州文學參軍	no
北院宣徽使	no
在京店宅務	no
樞密院吏房	no
散都頭右班	no
右武衛郎將	no
行在糧審院	no
太常寺博士	no
燕京副留守	no
大理寺少卿	no
右騏驥副使	no
辨驗藥材官	no
右贊善大夫	no
刑部捕盜案	no
勾當棧圈官	no
諸軍審計司	no
東西退材場	no
內侍省局丞	no
徽猷閣學士	no
左右神武軍	no
監都進奏院	no
國史日曆所	no
判軍器監事	no
知起居郎事	no
中軍統制官	no
西南面都統	no
南北宅伴读	no
左右朝散郎	no
編修條例司	no
某軍節度使	no
管轉運司事	no
都轄禮物官	no
經略招討司	no
沿邊招討使	no
廂都指揮使	no
諸軍糧料院	no
大宗正寺司	no
刑部帳籍案	no
遙郡防禦使	no
判司農寺事	no
中太一宮使	no
同判都勾院	no
左右宣德郎	no
知御史雜事	no
館伴正旦使	no
提舉修實錄	no
右金吾街仗	no
大理寺主簿	no
帝姬宅教授	no
同簽書院事	no
樞密院將佐	no
銀臺司主事	no
河東節度使	no
樞密都承旨	no
敷文閣學士	no
左右承事郎	no
知禮儀院事	no
軍頭司步直	no
知宗正寺事	no
勾院磨勘司	no
北道都總管	no
散祗候左班	no
工部材料案	no
刑部檢法官	no
左諫議大夫	no
提舉京城所	no
圍場都太師	no
御史知雜事	no
東門都知司	no
工部司郎官	no
軍兵馬監押	no
檢踏坑冶官	no
入內內侍省	no
司門員外郎	no
封題書藝學	no
江浙巡撫使	no
湖廣總領所	no
提領造曆局	no
左衛中郎將	no
主管洞霄宮	no
右朝議大夫	no
權發遣某軍	no
節度掌書記	no
倉部司郎中	no
判鴻臚寺事	no
左屯衛郎將	no
兼樞密院使	no
主管國信所	no
國子監博士	no
左右街鑒義	no
都督府參軍	no
軍器庫副使	no
臨安府少尹	no
左廂店宅務	no
堤堰橋道事	no
金耀門書庫	no
太子左諭德	no
入内内侍省	no
體量安撫使	no
在京商稅院	no
內弓箭南庫	no
樞密院西廚	no
散直都行首	no
御營宿衛使	no
權直學士院	no
白波發運使	no
樞密副承旨	no
同判太常寺	no
提舉修內司	no
諸直將虞候	no
提舉崇福宮	no
兵馬鈐轄司	no
臨安府都廳	no
公主宅都監	no
內藏庫副使	no
權兵部尚書	no
樞密院編修	no
羽林大將軍	no
右光祿大夫	no
判秘書省事	no
判宗正寺事	no
尚書員外郎	no
江陵副都統	no
詳定大樂所	no
宣撫處置使	no
逐房副承旨	no
御藥院祗候	no
國用檢討官	no
禮部知雜案	no
太醫局堂長	no
南北兩監牧	no
節察掌書記	no
中書省禮房	no
西頭供奉官	no
勾當太官局	no
尚書省刑部	no
權措置財用	no
大晟府典樂	no
監左藏東庫	no
侍衛步軍司	no
太子右庶子	no
寶文閣學士	no
右街僧錄司	no
右計司判官	no
樞密院兵房	no
主管敦宗院	no
圖畫院待詔	no
樞密院戶房	no
侍衛親軍司	no
諸州主管官	no
國子監助教	no
諸直都虞候	no
尚書省戶部	no
權群牧判官	no
天駟左右監	no
南北兩丞司	no
供御將虞候	no
縣兵馬都監	no
衙內都虞候	no
太醫學司業	no
城東巡檢使	no
經略安撫司	no
判庫部司事	no
右街副道錄	no
諸直指揮使	no
內軍器庫營	no
左軍巡判官	no
尚書省吏部	no
制敕院五房	no
諸班副都知	no
彰愍宮副使	no
管幹國子監	no
判倉部司事	no
膳部員外郎	no
判鹽鐵勾院	no
監車輅院門	no
某州觀察使	no
審刑詳議官	no
辟雍大司成	no
知審官西院	no
右廂店宅務	no
西道都總管	no
某軍承宣使	no
諸寺監主簿	no
陝西估馬司	no
某州團練使	no
東八作副使	no
右藏庫副使	no
馬軍都軍頭	no
在京估馬司	no
同提舉茶馬	no
制置解鹽司	no
衛尉寺少卿	no
節度州判官	no
司天監大監	no
國子監講書	no
三部憑由司	no
侍右小使臣	no
左司理參軍	no
虞部員外郎	no
環衛中郎將	no
左光祿大夫	no
禮部司郎官	no
詳定官制所	no
右衛大將軍	no
上京鹽鐵使	no
三班院使臣	no
四直都虞候	no
國史院編修	no
正群牧判官	no
西道副總管	no
勾當河渠事	no
權六曹尚書	no
兵馬副鈐轄	no
工部知雜案	no
某州某曹掾	no
度支員外郎	no
馬軍糧料院	no
知太常禮院	no
顯謨閣待制	no
主客員外郎	no
勾當事內品	no
右文殿侍講	no
秘書省長貳	no
郡王府侍講	no
內侍省押班	no
臨潢府少尹	no
御史臺推官	no
鹽麴商稅務	no
都大鑄錢司	no
資善堂翊善	no
天章閣學士	no
司寇參軍事	no
提領茶鹽所	no
知臨安府事	no
考功司郎中	no
驃騎大將軍	no
領登聞檢院	no
朝服法物庫	no
翊衛府中郎	no
北京御史臺	no
府司檢校庫	no
供御都虞候	no
應天府書院	no
屯衛大將軍	no
右諫議大夫	no
敦睦宮副使	no
都轉運使司	no
集賢院學士	no
樞密直學士	no
貼祗候內品	no
詳定敕令局	no
點檢試卷官	no
三司總計使	no
太僕寺少卿	no
弓箭庫副使	no
弓箭手指揮	no
親王府司馬	no
管勾寶文閣	no
吏部司郎官	no
司天監曆生	no
侍御史知雜	no
大晟府樂工	no
北皮室詳穩	no
守闕守當官	no
路兵馬鈐印	no
提舉官告院	no
司天五官正	no
提點倉場所	no
權發遣副使	no
戶部判官事	no
太史局曆算	no
太學大司成	no
秘書省政字	no
判御史臺事	no
州司士參軍	no
岷州蕃兵將	no
步軍糧料院	no
提舉實錄院	no
殿前司倉案	no
太子少詹事	no
守門親事官	no
主管崇禧觀	no
金國通謝使	no
判度支勾院	no
監內弓槍庫	no
左右計勾院	no
權工部尚書	no
同都巡檢使	no
常平司主管	no
司勳司郎官	no
監兵馬監押	no
集賢院校理	no
左中散大夫	no
權鹽鐵判官	no
軍頭司馬直	no
太尉副元帥	no
都水監丞司	no
知審官院事	no
提轄榷貨務	no
試銜知縣令	no
修河都部署	no
郡王府都監	no
入內都知司	no
馬步都軍頭	no
抬盤子廚子	no
平章軍國事	no
諸曹參軍事	no
大晟府樂正	no
知四方館事	no
御史臺五使	no
敷文閣待制	no
武衛大將軍	no
後苑散內品	no
河南監牧使	no
延康殿學士	no
北院都承旨	no
開封府博士	no
倉部員外郎	no
坑冶鑄錢司	no
判大理寺事	no
五重禁衛軍	no
提舉秘書省	no
諸司審計司	no
中書堂後官	no
戶部判部事	no
四路招討使	no
守闕進奏官	no
提點翰林院	no
延慶宮副使	no
監贍軍酒庫	no
左朝散大夫	no
編排試卷官	no
左中奉大夫	no
四川總制司	no
都亭西驛所	no
樞密右承旨	no
馬步軍總管	no
天章直學士	no
提舉都作院	no
諸衛上將軍	no
判少府監事	no
右金吾街司	no
祠部司郎中	no
發遣三司使	no
樞密院典謁	no
解鹽制置使	no
國子監武學	no
制置發運使	no
監打套局門	no
御史六曹官	no
刑部糾察案	no
門下省兵房	no
祠部員外郎	no
監臨安鹽倉	no
四道副總管	no
都官司郎官	no
權六部尚書	no
東道都總管	no
判司天監事	no
四道都總管	no
司天臺主簿	no
金部員外郎	no
在京交子務	no
弓馬子弟所	no
親王諸宮司	no
內侍供奉官	no
敦宗院教授	no
香藥庫副使	no
同判三司事	no
太醫局司門	no
管勾天章閣	no
在京榷貨務	no
司勛員外郎	no
內門取索司	no
四屯駐大軍	no
太子右諭德	no
司天春官正	no
國子監直講	no
知監丞公事	no
牛羊供應所	no
太學上舍生	no
提領營田事	no
尚書省六曹	no
親衛府中郎	no
左右通直郎	no
隨軍轉運使	no
左軍巡院獄	no
工部員外郎	no
屯田員外郎	no
淮南節度使	no
四川宣制司	no
右内史舍人	no
南院小將軍	no
提舉翰林院	no
右衛中郎將	no
權發遣州事	no
檢點斥候官	no
樞密院檢詳	no
軍器監少監	no
提舉司天監	no
權度支判官	no
顯文閣學士	no
司天監學生	no
左右飛龍使	no
干辦司手分	no
開封府推官	no
熙河經制司	no
內侍省殿頭	no
大定府少尹	no
判太府寺事	no
司天秋官正	no
巡捉私茶鹽	no
正國大將軍	no
都提舉市易	no
市易務上界	no
荊南節度使	no
左藏封樁庫	no
宣撫副使司	no
榷貨務監官	no
知錄事參軍	no
黃皮室詳穩	no
太府寺少卿	no
伴飯指揮使	no
參定造曆局	no
中京都虞候	no
大理寺評事	no
勾當御廚官	no
諸王府侍講	no
宣徽南院使	no
西京諸陵所	no
中太乙宮使	no
顯謨閣學士	no
中書省戶房	no
兵部司郎官	no
制敕院吏房	no
兵部司郎中	no
禮部開拆案	no
兵部廂兵案	no
駐泊都部署	no
譯經潤文使	no
右驍衛將軍	no
尚書省刑房	no
勾當監公事	no
衙前樂都管	no
兵馬副元帥	no
幕職州縣官	no
東染院副使	no
西綾錦副使	no
知樞密院事	no
左朝奉大夫	no
禮部寶印案	no
領九石烈部	no
左右街首座	no
左藏西上庫	no
三司磨勘司	no
軍器衣甲庫	no
制置群牧使	no
判大理正事	no
中書省刑房	no
中書省主事	no
主轄支收司	no
都統制軍馬	no
勾當牛羊司	no
道史檢討官	no
城西巡檢使	no
北院統軍使	no
侍衛馬軍司	no
主管步軍司	no
同判軍州事	no
司錄參軍事	no
右朝奉大夫	no
提舉市易司	no
太常寺太祝	no
左驍衛郎將	no
主管綾錦院	no
判四方館事	no
東西八作司	no
提舉會靈觀	no
尚書省兵部	no
遙郡團練使	no
水部司郎中	no
安撫大使司	no
臨安府判官	no
判尚書刑部	no
經略司指使	no
左屯衛將軍	no
諸衛大將軍	no
入內皇城使	no
鐵騎都虞候	no
駕部員外郎	no
後行員外郎	no
勾當龍圖閣	no
燕京統軍使	no
軍頭引見司	no
戶部司郎中	no
權判司天監	no
提舉太醫局	no
群牧制置使	no
司天夏官正	no
三司右計使	no
左右騏驥院	no
左衛上將軍	no
兵部知雜案	no
廣親宅教授	no
右朝散大夫	no
司門司郎中	no
散都頭左班	no
職方員外郎	no
司農寺都丞	no
驍衛大將軍	no
同提點刑獄	no
屯田司郎官	no
國子監司業	no
提舉洞霄宮	no
資政殿學士	no
近侍小將軍	no
入內省祗候	no
勾當寶文閣	no
寶謨閣學士	no
三京國子監	no
北京留守司	no
提舉修政局	no
南京統軍使	no
判國子學事	no
廣南市舶司	no
宗室檢討官	no
判殿中省事	no
龍虎上將軍	no
合同憑由司	no
同隴右都護	no
遙輦大常袞	no
兵部蕃官案	no
右通奉大夫	no
簽樞密院事	no
司平少常伯	no
知登聞院事	no
重修敕令所	no
南北院伴讀	no
權戶部侍郎	no
南院樞密使	no
提轄左藏庫	no
權直翰林院	no
刑部檢法案	no
刑部詳覆官	no
北外都水丞	no
飯局抬盤子	no
太史局三科	no
西京留守司	no
內東門御廚	no
監敦宗院門	no
睦親宅教授	no
知留守司事	no
提領三務場	no
左右龍武軍	no
北院樞密使	no
奚六部大王	no
司天監曆算	no
述古殿學士	no
左右天廄使	no
權御史中丞	no
府界孳生監	no
北都水監丞	no
主管影表官	no
鞍轡庫副使	no
門下省吏房	no
都部署判官	no
親王府翊善	no
翰林天文局	no
司天中官正	no
領軍衛將軍	no
司勳司郎中	no
御廚幹辦官	no
翰林天文院	no
左右教駿營	no
弘義宮副使	no
進士初考官	no
諸路市舶司	no
司天臺學生	no
判中書省事	no
右通議大夫	no
侍衛都虞候	no
門下省工房	no
內殿直都知	no
左街副僧錄	no
披帶班殿侍	no
同知國用事	no
左正議大夫	no
架閣主管官	no
兵吏部選事	no
三司文書倉	no
提點刑獄所	no
懷化大將軍	no
南京宣徽使	no
南院副承旨	no
州兵馬總管	no
國子監祭酒	no
徽猷閣待制	no
判大宗正事	no
招安制置使	no
監通進司官	no
在京倉場所	no
光祿寺主簿	no
禮部貢舉案	no
太官物料官	no
軍都指揮使	no
宗正寺少卿	no
行在尚書省	no
兵部武舉案	no
提舉修國史	no
衙內指揮使	no
白鹿洞書院	no
知尚書内省	no
權鹽鐡副使	no
在城商稅務	no
國子書博士	no
太子中舍人	no
權遣三司使	no
判將作監事	no
右武衛將軍	no
寶章閣學士	no
判磨勘司官	no
東道副總管	no
秘書省助教	no
補寫所雜務	no
留守司三司	no
步軍都軍頭	no
提轄修倉所	no
金部司郎官	no
主管學習	no
翰林司營	no
翰林醫候	no
天官貳卿	no
通判某軍	no
六宅副使	no
天武右廂	no
武功殿使	no
將仕佐郎	no
沖虛大夫	no
引進副使	no
留守推官	no
五經博士	no
正名貼房	no
淮東總領	no
禁軍教頭	no
南司五院	no
團練判官	no
敵烈麻都	no
左宣教郎	no
宗正少卿	no
茶酒舊班	no
工部一書	no
校書集賢	no
北院林牙	no
南宅教授	no
捧日右廂	no
簽署院事	no
諸行侍郎	no
監御輦院	no
駙馬都尉	no
寄班借職	no
入內高品	no
遙輦太保	no
檢校太保	no
天子私人	no
提領海船	no
左承務郎	no
勛位府郎	no
左儒林郎	no
直煥章閣	no
直寶文閣	no
九寺五監	no
置二相時	no
合同憑由	no
太常太祝	no
內中小底	no
判禮部事	no
大農少列	no
後苑內品	no
成全大夫	no
東宮少保	no
司天監官	no
牧養下監	no
侍講學士	no
某府教授	no
市舶監官	no
習學公事	no
五岳廟令	no
少府少監	no
戶曹參軍	no
北院詳穩	no
執色樂工	no
分司西京	no
提點鑄錢	no
司法參軍	no
都部署司	no
監新衣庫	no
樂安郡王	no
員外學士	no
光祿寺丞	no
借職承旨	no
大理寺官	no
寄班使臣	no
發運使司	no
閤門副使	no
龍圖直閣	no
翊麾校尉	no
乙室大王	no
左承議郎	no
判官告院	no
尚書工部	no
提舉路學	no
提舉宮觀	no
御武校尉	no
措置榷場	no
軍器五庫	no
東班承旨	no
殿前押班	no
樞密承旨	no
國子司業	no
儀同三司	no
走馬承受	no
右街鑒義	no
郡太夫人	no
外物料庫	no
有土之官	no
都指揮使	no
祗候軍員	no
三司勾院	no
左天駟監	no
宮觀副使	no
主管茶馬	no
樞密副使	no
管勾學事	no
同判水監	no
三司判官	no
太子舍人	no
都總管司	no
提舉兵甲	no
明威將軍	no
儒學教授	no
侍左郎官	no
直學士院	no
崇德宮使	no
長入祗候	no
司封郎中	no
左右司官	no
留守北都	no
親王府傅	no
群牧置使	no
私名貼司	no
馬軍行司	no
右飛龍院	no
諸司計院	no
西上閤門	no
東班殿侍	no
經略副使	no
同知算造	no
宣撫副使	no
親衛府郎	no
寢殿小底	no
太學司成	no
六曹郎中	no
翰林待制	no
刑房檢正	no
御武副尉	no
軍器七庫	no
都水使者	no
職事學錄	no
知封駁事	no
司天監丞	no
橫帳敞穩	no
學生直學	no
直天章閣	no
戶部架閣	no
六部侍郎	no
永興宮使	no
殿中省監	no
丞弼之司	no
宗正寺簿	no
北院太保	no
簽書判官	no
太社局令	no
鴻臚少卿	no
著作郎佐	no
三舘秘閣	no
景福殿庫	no
崇儀副使	no
言事御史	no
鎮江總領	no
辟雍司業	no
宣節副尉	no
勾稽頌臺	no
尚書左選	no
大程官營	no
般押推司	no
編校書籍	no
左羽林軍	no
左班殿直	no
同群牧使	no
都亭西驛	no
西京留守	no
閑廄副使	no
行軍司馬	no
刑部郎官	no
近侍小底	no
大晟樂令	no
斷刑少卿	no
監察裏行	no
興中府尹	no
命官直學	no
禮部郎中	no
咸州糺將	no
銓曹四選	no
南宅講書	no
國子說書	no
常平倉司	no
國子祭酒	no
主管學事	no
殿前諸班	no
度支郎中	no
知監丞事	no
提舉保甲	no
推算學生	no
太學錄事	no
審官東院	no
衛尉寺丞	no
度支副使	no
御史大夫	no
工部郎中	no
節度副使	no
袋裡貧士	no
權判都省	no
廷尉之貳	no
秘書丞郎	no
秋官大夫	no
嵩陽書院	no
判禮儀院	no
五房習學	no
都商稅院	no
檢校司空	no
斷刑評事	no
六曹郎官	no
成和大夫	no
制置使司	no
判街司官	no
八座尚書	no
陜西招討	no
宮正直筆	no
制置大使	no
銀酒監武	no
在京小學	no
戶部郎官	no
遙郡團練	no
管勾廟事	no
提舉茶事	no
破格嶽廟	no
招撫副使	no
監察御史	no
入內院子	no
都漕運司	no
監皮角場	no
右神武軍	no
內園副使	no
直寶謨閣	no
御營統制	no
左藏南庫	no
左街鑒義	no
門下後省	no
禮房檢正	no
掌撰文字	no
太子少保	no
掖庭局令	no
南宮員外	no
左承事郎	no
左廂体點	no
守闕楷書	no
三衛侍郎	no
四門博士	no
選人階官	no
檢校少保	no
淮西總司	no
封樁下庫	no
正名貼司	no
軍器大監	no
江東總領	no
奏稟使臣	no
進義副尉	no
三衛博士	no
軍器監監	no
刑部主判	no
同判鼓院	no
太學直講	no
東宮射堂	no
諸道判官	no
儀鵉司吏	no
主管安撫	no
尚書都司	no
宿直都監	no
大府寺簿	no
吏房檢正	no
一佛出世	no
榷貨務場	no
陪戎校尉	no
提點刑獄	no
四瀆廟令	no
北府宰相	no
帥司屬官	no
同提舉官	no
法司貼司	no
審官西院	no
司鼓之官	no
省府學士	no
中憲大夫	no
主管宮觀	no
準備將領	no
提擧京西	no
侍衛馬軍	no
行營都監	no
知譯經院	no
鞍轡副使	no
北院太師	no
太常寺卿	no
攝鴻臚卿	no
供食院子	no
保和大夫	no
五曹尚書	no
團練副使	no
工部郎官	no
中行郎中	no
東西窯務	no
致果校尉	no
法曹參軍	no
親從親事	no
市舶判官	no
御史知雜	no
宮保之亞	no
諸寺監丞	no
左右朝議	no
尚書博士	no
內東門司	no
莊宅副使	no
近侍詳穩	no
辟雍司成	no
權判監事	no
戶部尚書	no
行宮留守	no
寄班都知	no
右軍統制	no
監車營務	no
書院堂長	no
扈從統制	no
秘書監少	no
汴河下鎖	no
太史局丞	no
右領軍衛	no
南院太師	no
劍弩箭庫	no
判三司事	no
西京留臺	no
王宮教授	no
右副承宣	no
黃衣選人	no
內中高品	no
北宅伴讀	no
史館相公	no
成安大夫	no
武義大夫	no
臨安通判	no
勾當司事	no
安撫大使	no
司理參軍	no
輕車都尉	no
判都水監	no
安撫副使	no
尚字直筆	no
中臺起曹	no
紫垣黃閣	no
置三相時	no
右中大夫	no
巡轄遞鋪	no
隨軍轉運	no
右衛郎將	no
右街首座	no
文思副使	no
二十四班	no
筆硯小底	no
南外宗正	no
內省押班	no
閤門舍人	no
右司理院	no
祗應節級	no
管勾宮觀	no
總宿衛事	no
太子春坊	no
右軍巡使	no
都同巡檢	no
協忠大夫	no
簽書節度	no
管勾文字	no
左天廄使	no
點檢簿書	no
入內都知	no
二舞色長	no
監度牒庫	no
儀鸞副使	no
右武大夫	no
掖庭局丞	no
和安大夫	no
翰林醫效	no
橫行五司	no
抱曆曹司	no
緝捕使臣	no
司天學生	no
倉曹參軍	no
刑部詳覆	no
皇城副使	no
御史裏行	no
三司大將	no
右計判官	no
兩省給舍	no
左騏驥使	no
西平郡王	no
東平郡王	no
金部郎中	no
左街仗司	no
太子洗馬	no
酒坊副使	no
四總領所	no
顯謨待制	no
市舶務庫	no
紫微舍人	no
監牧指揮	no
南省郎中	no
後行郎中	no
將作監簿	no
大宗正丞	no
南院詳穩	no
遼陽府尹	no
京府首僚	no
守闕主事	no
閤門承受	no
武學教授	no
宣諭使司	no
東作坊使	no
管幹教頭	no
學為宰相	no
國子直講	no
汴河上鎖	no
進武校尉	no
西染院使	no
國子博士	no
後殿押班	no
三司推官	no
西作坊使	no
提督推算	no
閤門宣舍	no
三館秘閣	no
大理評事	no
提轄院官	no
左軍巡院	no
治獄寺丞	no
制置條司	no
司天六壬	no
同判監事	no
南院司空	no
都官郎官	no
寄班祗候	no
太僕寺丞	no
三班借差	no
太和宮使	no
進武副尉	no
提點宮觀	no
六曹侍郎	no
戶部推官	no
內符寶郎	no
西內染院	no
軍廂虞候	no
秘書少監	no
府州軍監	no
承勘推司	no
正議大夫	no
轉運副使	no
巡鋪使臣	no
隨龍官吏	no
激賞酒庫	no
指揮副使	no
大長帝姬	no
考功郎中	no
編套二局	no
圍場都管	no
小兩省官	no
工部侍郎	no
文班太保	no
平章軍國	no
上騎都尉	no
北作坊使	no
機宜文字	no
鹽鐵勾院	no
三部副使	no
知客省事	no
幹辦公事	no
秦晉國王	no
內香藥庫	no
左朝請郎	no
翰林醫學	no
守闕軍將	no
比部郎中	no
宿直護衛	no
史館檢閲	no
走馬上舍	no
巡檢使臣	no
尚書右選	no
西班承旨	no
知大宗正	no
太僕少卿	no
前殿押班	no
宗政少卿	no
皇太子妃	no
兩浙市舶	no
京庠典教	no
青宮亞傅	no
工曹參軍	no
萬全作坊	no
東染院使	no
尚書權官	no
刑部侍郎	no
將作監丞	no
史館修撰	no
鹽澤檢討	no
北宅教授	no
太子中允	no
遙輦太師	no
廣文博士	no
監茶鹽務	no
學士承旨	no
知貢舉院	no
兩敦宗院	no
雲韶内品	no
寄班小底	no
朝請大夫	no
實錄檢討	no
左衛將軍	no
鞍轡庫使	no
中臺綱轄	no
天子法官	no
登聞檢院	no
路分都監	no
左武大夫	no
天章待制	no
前行郎中	no
禮賓副使	no
右通直郎	no
定遠將軍	no
安撫使司	no
兩省侍郎	no
尚食副使	no
知諫官院	no
審刑知院	no
屬鞬之職	no
翰林良醫	no
史館祗候	no
司字直筆	no
西京留司	no
提舉某埽	no
節制軍馬	no
招撫使司	no
檢校少師	no
尚書吏部	no
右羽林軍	no
翰林醫正	no
主管班次	no
權司天監	no
都總轄房	no
知開封府	no
開封兵曹	no
弓馬教頭	no
群牧副使	no
左計判官	no
宗子學正	no
經制副使	no
入內殿頭	no
都水磨務	no
侍郎左選	no
知太常寺	no
勾考之司	no
西京左藏	no
徽猷待制	no
水碾磨務	no
龍衛左廂	no
巡轄使臣	no
京師榷務	no
洛苑副使	no
書學博士	no
端明學士	no
軍器庫使	no
路分鈐轄	no
南宮侍教	no
左天廄院	no
南道總管	no
右教駿營	no
仁勇校尉	no
南院將軍	no
左藏庫使	no
大宗正寺	no
左計勾院	no
祥源觀使	no
九寺少卿	no
親王夫人	no
度支判官	no
直筆尚字	no
都督行府	no
百里之官	no
樞密宰相	no
左司郎中	no
牧養上監	no
密直學士	no
夏官大夫	no
提舉學事	no
直寶章閣	no
開封六職	no
南外丞司	no
天文局生	no
習馬小底	no
三陵都監	no
侍右郎官	no
弘義宮使	no
知南外丞	no
右從政郎	no
比部郎官	no
節察判官	no
華文待制	no
左第一監	no
招諭副使	no
御膳素廚	no
翰林待詔	no
武顯大夫	no
東臺管轄	no
右街都監	no
譯語殿侍	no
衛尉寺卿	no
制置茶鹽	no
諸司專司	no
郢州內品	no
某道判官	no
糾察刑獄	no
吏部侍郎	no
右街仗司	no
樞密行府	no
奚官局令	no
四川總領	no
左朝散郎	no
昭武副尉	no
節度推官	no
正任總管	no
彰愍宮使	no
武德副使	no
通判州事	no
皇太子府	no
客省副使	no
教坊副使	no
右司郎官	no
大理寺卿	no
右司郎中	no
譯經綴文	no
橫帳太保	no
勾當修內	no
小學教授	no
郊社局令	no
管勾睦親	no
九域圖志	no
勾畫都知	no
五房提點	no
中書後省	no
富春郡王	no
樞密學士	no
提點坑冶	no
國史檢討	no
文昌貳卿	no
內侍押班	no
監進奏院	no
宗正寺卿	no
右班都知	no
太廟齋郎	no
湖廣總司	no
翰林天文	no
西班殿侍	no
北平郡王	no
都統幹官	no
司封郎官	no
奉議大夫	no
尚書左曹	no
天章學士	no
提綱史事	no
昭文相公	no
諸直都頭	no
四川茶馬	no
內衣物庫	no
戶房檢正	no
主客郎中	no
三司使廳	no
押隊使臣	no
勾稽棘寺	no
國子助教	no
群牧判官	no
國子監錄	no
右騏驥院	no
系名副知	no
宰相判官	no
監軍資庫	no
直華文閣	no
學錢糧官	no
將作少監	no
永昌宮使	no
祗候使臣	no
吏部郎中	no
鹽酒稅務	no
文思監官	no
左中大夫	no
右軍巡院	no
春坊謁者	no
編國史院	no
廂界所由	no
隨駕三司	no
共工之貳	no
閤門祗候	no
臨潢府尹	no
市易上界	no
二十四司	no
參謀軍事	no
兵曹參軍	no
提印剩員	no
開國郡公	no
著作佐郎	no
本局使臣	no
燕京留守	no
太常卿少	no
都提舉司	no
左衛郎將	no
侍左侍郎	no
簽書樞密	no
總領淮西	no
大宗正卿	no
諫官御史	no
措置鉄錢	no
衣庫副使	no
鳳掖代言	no
樞密太尉	no
忠武將軍	no
下都輦官	no
三司賬司	no
判集賢院	no
彭城郡王	no
尚書都省	no
御龍弩直	no
萬夀觀使	no
宋魏國王	no
監封樁庫	no
容臺少列	no
太常少卿	no
宮闈局丞	no
右朝請郎	no
入內看醫	no
吏部四選	no
教駿軍士	no
燕趙國王	no
節度判官	no
勾覆之司	no
戶部勾院	no
制置軍馬	no
六尚管勾	no
內諸司使	no
史館校勘	no
都商稅務	no
知某縣事	no
御帶器械	no
內僕局令	no
三衙推獄	no
宣徽南院	no
六行諸司	no
守闕貼書	no
內府局丞	no
四推令史	no
太子少師	no
勾當軍頭	no
三司衙司	no
節鎮郡守	no
生熟藥案	no
廣親宅所	no
兩使留後	no
知大理卿	no
兵部郎官	no
黃門內品	no
茶司幹官	no
武翼大夫	no
司勛郎官	no
開封府牧	no
七公主院	no
武功大夫	no
參預政事	no
賢良方正	no
河陰都監	no
承受公事	no
都提舉官	no
宣威將軍	no
內客省使	no
左承奉郎	no
太子六傅	no
游擊將軍	no
估羊節級	no
吏部七司	no
同知丞事	no
殿前右班	no
北院司空	no
入內內品	no
右天廄使	no
宣撫使司	no
提點畿內	no
三班借職	no
監察內行	no
景靈宮使	no
右天駟監	no
右文林郎	no
秦越國王	no
諸班都知	no
左飛龍使	no
近侍將軍	no
江上諸軍	no
招討副使	no
內軍器庫	no
御藥院官	no
太學博士	no
防禦推官	no
經略判官	no
駐泊醫官	no
橫帳常袞	no
縣學教授	no
戶部侍郎	no
散騎常侍	no
六部尚書	no
左右中散	no
蔡河下鎖	no
副都總管	no
左右街司	no
東第三班	no
御龍左直	no
權使公事	no
長沙郡王	no
牧民天府	no
東上閤門	no
四院司辰	no
太子太傅	no
北班內品	no
左右神武	no
教駿軍使	no
太廟室長	no
籍田司令	no
天文學生	no
大中大夫	no
護軍司徒	no
監左藏庫	no
太醫局正	no
群牧制置	no
軍器主簿	no
供御十將	no
諸道牧守	no
侍衛馬司	no
檢正五房	no
監裁造院	no
鈐轄兵馬	no
左右仗司	no
金槍右班	no
西八作使	no
保厘之寄	no
四川諸軍	no
鎮撫使司	no
副兵馬使	no
某州教授	no
諸班押班	no
宣撫大使	no
知禮院官	no
右班殿直	no
郊社齋郎	no
次供御輦	no
瑣閨參議	no
禮記博士	no
內鞍轡庫	no
僉書判官	no
司門郎中	no
直睿思殿	no
門下外省	no
判秘閣事	no
掌門內品	no
殿中省丞	no
管勾國信	no
檢正公事	no
同經制官	no
七寺正卿	no
中奉大夫	no
觀察推官	no
制置礬稅	no
騎御馬直	no
刑部八案	no
鴻臚寺卿	no
兩外宗司	no
六院察官	no
修河都監	no
南院掾史	no
四推書吏	no
皇孫教授	no
佑神觀使	no
廉車正任	no
察院承旨	no
鹽鐵推官	no
準備差遣	no
釋褐狀元	no
都官郎中	no
南府宰相	no
大元帥府	no
都排陣使	no
通奉大夫	no
保順郎將	no
校對黃本	no
沿海巡檢	no
南院都監	no
正名軍將	no
太子太師	no
潭州三學	no
雙宣學士	no
同判三司	no
前殿都知	no
內庫法酒	no
太子賓客	no
尚書兵部	no
唐州內品	no
臥護北門	no
著綠待詔	no
安撫鈐轄	no
諸直隊長	no
武學博士	no
侍衛太師	no
判都勾院	no
右宣德郎	no
判閤門事	no
主管機密	no
六官之長	no
沿江巡檢	no
集賢校理	no
監專公人	no
鎮殿將軍	no
路察訪使	no
南宮舍人	no
判司天事	no
歸德將軍	no
廉訪使者	no
次供御營	no
黃龍府尹	no
昭武校尉	no
太史官生	no
龍圖直學	no
提舉牧馬	no
司勛郎中	no
春官大夫	no
大內惕隱	no
軍器庫椽	no
律學助教	no
宣徽北院	no
群牧都監	no
祗候殿直	no
左軍巡檢	no
醴泉觀使	no
騏驥二院	no
德夀宮使	no
西都留臺	no
拱衛大夫	no
監修國史	no
度支郎官	no
大使行府	no
舶司幹官	no
軍事判官	no
中山郡王	no
提舉閩舶	no
左右街使	no
宗正寺丞	no
中書左丞	no
樞密院事	no
提舉折納	no
吏部三司	no
太中大夫	no
南敦宗院	no
左文林郎	no
都巡檢司	no
侍讀學士	no
經總二司	no
餘杭庫吏	no
寄班供奉	no
祗候內品	no
梵學筆受	no
省府判官	no
太史局令	no
治獄都轄	no
王府記室	no
國子監簿	no
中書門下	no
遼西郡王	no
刑曹參軍	no
蘭陵郡王	no
南宮教授	no
饒樂郡王	no
宿直將軍	no
總計判官	no
左右春坊	no
水部郎中	no
橫帳郎君	no
制置副使	no
御廚工匠	no
遙輦太尉	no
在外坊監	no
斬馬刀局	no
群牧行司	no
中侍大夫	no
尚廄副使	no
監縣稅務	no
三舘學士	no
都大提舉	no
左騏驥院	no
幹辦軍頭	no
毛詩博士	no
督視軍馬	no
翰林醫愈	no
右迪功郎	no
宣節校尉	no
北院司徒	no
封樁上庫	no
北宋四京	no
同平章事	no
諸路教授	no
臨安府院	no
宣撫判官	no
文班承旨	no
治獄少卿	no
侍郎右選	no
北院都監	no
亞中大夫	no
履正大夫	no
太樂署丞	no
添差通判	no
考功員外	no
尚書內省	no
史館檢閱	no
武節大夫	no
典字直筆	no
檢校太師	no
駐泊都監	no
直顯謨閣	no
右曹侍郎	no
司門員外	no
兩優釋褐	no
司農寺卿	no
翰林侍讀	no
右金吾仗	no
走馬奉使	no
防禦判官	no
左奉議郎	no
翰林副使	no
史館編校	no
尚書右丞	no
翰林醫證	no
直昭文館	no
輕軍都尉	no
御史裏行	no
常平使者	no
檢討實錄	no
軍器監丞	no
光祿少卿	no
國舅都監	no
國子學錄	no
起居舍人	no
景福內庫	no
度支推官	no
國史編修	no
少府監丞	no
儀曹貳卿	no
南作坊使	no
兵部四司	no
某州刺史	no
贊善大夫	no
發運大使	no
集賢學士	no
湖廣總領	no
下班殿侍	no
職方郎官	no
光祿寺卿	no
縣主簿廳	no
察案御史	no
紫虛大夫	no
監司使者	no
提舉六尚	no
兵部郎中	no
柳城郡王	no
開封判官	no
內尚書省	no
提舉兵馬	no
太醫局令	no
文班牙署	no
入內高班	no
知雜御史	no
鄂州都統	no
五監主簿	no
諸軍專司	no
律學教授	no
校黃本書	no
知内外制	no
內殿承制	no
供御輦官	no
開封推官	no
都孔目官	no
國舅詳穩	no
工部尚書	no
右軍巡檢	no
太醫局丞	no
醫學博士	no
尚書丞郎	no
南院司徒	no
無官御史	no
急腳遞鋪	no
左天廄坊	no
參知政事	no
軍使知縣	no
六曹參軍	no
幽都府尹	no
通政大夫	no
南廟主文	no
第四室長	no
戶部左曹	no
提舉河渠	no
駐泊鈐轄	no
監都作院	no
咨臣郎中	no
下班祗應	no
翊麾副尉	no
監糧料院	no
判大理寺	no
緣邊都監	no
皇太子宮	no
中軍統制	no
印版書庫	no
諸路醫學	no
左金吾仗	no
左教駿營	no
東閤賓客	no
曲臺博士	no
復州內品	no
氈毯副使	no
屯田郎中	no
判司天監	no
六曹尚書	no
秘書修撰	no
觀察留後	no
右天廄坊	no
武臣提刑	no
左廂提點	no
供檢楷書	no
監市舶務	no
北院郎君	no
右廂提點	no
牛羊副使	no
親衛大夫	no
翰林權直	no
權轉運使	no
青宮六傅	no
少府監監	no
攢宮都監	no
內史舍人	no
北外丞司	no
常平主管	no
某州刺使	no
散直行首	no
三司判勾	no
諸司副使	no
北院大王	no
南省主文	no
中亮大夫	no
朝官染院	no
戶部右曹	no
武衛將軍	no
南院太保	no
侍衛太保	no
賜紫待詔	no
右夷離畢	no
秘閣校勘	no
太子三卿	no
中官大夫	no
武部貳卿	no
檢校太尉	no
太虛大夫	no
內僕局丞	no
太學外舍	no
判太常寺	no
顯謨學士	no
職事教諭	no
戶部判官	no
龍衛右廂	no
正團練使	no
司寇參軍	no
朝奉大夫	no
學士院長	no
小學教諭	no
左承直郎	no
翰林檢閱	no
路招捕使	no
主管仙韶	no
督幹架閣	no
館閣讀書	no
都檢正廳	no
都大經制	no
客省承旨	no
制撰文字	no
陪戎副尉	no
同知諫院	no
監折博務	no
司農少卿	no
奚官局丞	no
棘寺廷評	no
門下平章	no
功曹參軍	no
左宣德郎	no
都轉運使	no
外香藥庫	no
提點使臣	no
判太府寺	no
府界提舉	no
修起居注	no
延昌宮使	no
建康總領	no
宗學教官	no
知某軍事	no
宮教博士	no
侍衛司徒	no
大宗正司	no
會靈觀使	no
太府寺丞	no
翊衛大夫	no
宗子學諭	no
神衛左廂	no
右衛將軍	no
大樂局令	no
樞機之府	no
天子之學	no
路轉運使	no
宮觀判官	no
知名表郎	no
殿前承旨	no
中順大夫	no
外監丞司	no
通事舍人	no
諮議軍事	no
中教大夫	no
王宮侍講	no
樂使副使	no
命官正錄	no
提舉市舶	no
勾當公事	no
國子監丞	no
教坊都知	no
三司軍將	no
判臨安府	no
牧羊群頭	no
通事殿侍	no
監西染院	no
內侍班院	no
殿中御史	no
亞保春坊	no
知閤門事	no
提舉常平	no
東京留守	no
環衛郎將	no
大理寺正	no
左從事郎	no
駕部郎中	no
右承議郎	no
南宮散郎	no
二三大臣	no
招討使司	no
監倉草場	no
宗子博士	no
禮樂之司	no
近侍都監	no
興聖宮使	no
潛火軍兵	no
供檢文字	no
判昭文館	no
九寺亞列	no
教坊大使	no
太樂局令	no
光祿主簿	no
蔡河上鎖	no
左右司郎	no
景福殿使	no
防團判官	no
判流内銓	no
庫部郎中	no
東西作坊	no
宮學教授	no
司農寺倉	no
五花判事	no
天武左廂	no
史館檢校	no
皮角場庫	no
南院郎君	no
三省六部	no
提舉鹽事	no
武部之長	no
尚書左丞	no
太子少傅	no
左通直郎	no
把門內品	no
兵馬都監	no
尚左郎官	no
典宿衛事	no
通議大夫	no
九寺三監	no
小學學長	no
律學博士	no
史館編修	no
殿中少監	no
禮兵主管	no
御營使司	no
金吾將軍	no
外都水丞	no
南北伴讀	no
翰林侍書	no
外宗正丞	no
宮闈局令	no
秘書少丞	no
隴右都護	no
禮部主判	no
三衛中郎	no
臨安府學	no
三班差使	no
壯武將軍	no
安定郡王	no
按協聲律	no
左司員外	no
都省六行	no
監牛羊司	no
引進司使	no
國太夫人	no
左軍統制	no
左曹郎官	no
司天監監	no
大理等寺	no
中書外省	no
光祿大夫	no
大晟樂正	no
同知樞密	no
左右龍武	no
馬步判官	no
衛尉少卿	no
翰林醫診	no
右選侍郎	no
節度司馬	no
檢校少傅	no
孳生馬監	no
三班使臣	no
閤門宣贊	no
權知少監	no
中臺二轄	no
副都點檢	no
司天監生	no
辟雍博士	no
翰林侍講	no
虞部郎中	no
左朝奉郎	no
勾當龍圖	no
寶文學士	no
鹽鐵副使	no
直舍人院	no
經略使司	no
朝散大夫	no
館閣校勘	no
都統四路	no
虞部員外	no
吏部甲庫	no
吏部三銓	no
禮部貢院	no
左朝議郎	no
提舉諸司	no
禮部郎官	no
翰林祗候	no
奉直大夫	no
司戶參軍	no
監綾錦院	no
內侍階官	no
大理主簿	no
六察御史	no
內殿崇班	no
左修職郎	no
轉運按察	no
奉常巨卿	no
判史館事	no
軍器監簿	no
左班都知	no
寄班奉職	no
臨安府尹	no
度支勾院	no
開封府尹	no
耳目之司	no
宮苑副使	no
南院林牙	no
內宿醫官	no
翊衛府郎	no
諸司正使	no
發運副使	no
鳳閣舍人	no
右龍武軍	no
紫薇舍人	no
修國史院	no
外宗正司	no
宿直詳穩	no
市易下界	no
祗候高品	no
知內省事	no
諸司使副	no
太府少卿	no
門下侍郎	no
快行親從	no
守闕錄事	no
鴻臚寺丞	no
振威校尉	no
監內衣庫	no
行在三司	no
北宅侍講	no
冬官大夫	no
刑部尚書	no
御龍四直	no
軍都虞候	no
左司理院	no
刑部郎中	no
裝界待詔	no
直徽猷閣	no
戶部副使	no
正奉大夫	no
東西廣備	no
副都承旨	no
同巡檢使	no
資善之僚	no
勾稽外府	no
三韓郡王	no
諸司審計	no
判仗司官	no
廣南舶司	no
冬官之貳	no
直筆司字	no
翰林醫官	no
諫議大夫	no
左選侍郎	no
戶部五司	no
北外監丞	no
積慶宮使	no
硬寨太保	no
寺監長官	no
中臺都司	no
六部監門	no
東八作使	no
武經大夫	no
軍器少監	no
編修文字	no
南北作坊	no
太醫承直	no
留守判官	no
祗候侍禁	no
下都輦直	no
托盤院子	no
兩浙舶司	no
左客省使	no
巡馬遞鋪	no
捉事使臣	no
弓箭庫使	no
周易博士	no
遙郡刺史	no
將作監監	no
大長公主	no
巡羊十將	no
準備差使	no
措置邊事	no
清道副率	no
北京留守	no
陵臺令司	no
左右羽林	no
茶酒新班	no
司度典貳	no
兵部侍郎	no
太僕寺卿	no
析津府尹	no
高班都知	no
大都督府	no
知縣丞事	no
司天監正	no
檢校太傅	no
岳麓書院	no
司錄參軍	no
宮掖之臣	no
團練推官	no
榷貨三務	no
六部架閣	no
雲麾將軍	no
北面林牙	no
天官之貳	no
正名楷書	no
內侍黃門	no
六事之長	no
長寧宮使	no
御廚五局	no
武學傳授	no
御厨副使	no
看班祗候	no
刑餘之人	no
祗候醫人	no
衙前都管	no
國子編修	no
直龍圖閣	no
大農少卿	no
簽書院事	no
太學正錄	no
御書待詔	no
檢閱文字	no
文班林牙	no
中京留守	no
太子中舍	no
三衛主簿	no
太子家令	no
中書主書	no
徽猷學士	no
宣贊舍人	no
招撫判官	no
左街都監	no
太學說書	no
右飛龍使	no
秘書省監	no
諸路學校	no
夏卿之亞	no
龍圖學士	no
總領財賦	no
中臺六卿	no
兵馬元帥	no
審詳議官	no
史館檢討	no
兵部主判	no
屯田員外	no
殿中崇班	no
監尚衣庫	no
書寫待詔	no
算學博士	no
判吏部銓	no
管勾臺事	no
文思院使	no
仙韶副使	no
客省承受	no
御營副使	no
都大提點	no
府界提點	no
都市易司	no
大理寺簿	no
伎術官階	no
神衛右廂	no
集賢修撰	no
兵部主簿	no
鼓吹局令	no
延慶宮使	no
平章重事	no
提擧被旨	no
都進奏院	no
如京副使	no
都大坑冶	no
判樞密院	no
內府局令	no
御前馬院	no
通判軍州	no
主管檢匣	no
內柴炭庫	no
右從事郎	no
仁勇副尉	no
內物料庫	no
右修職郎	no
作坊副使	no
封題學生	no
左右教駿	no
屯田郎官	no
灑掃院子	no
書寫文字	no
大理少卿	no
軍巡判官	no
郊廟齋郎	no
右計勾院	no
右奉議郎	no
國子監正	no
阿札割只	no
朝議大夫	no
奉常貳卿	no
司士曹事	no
知樞密院	no
都轄使臣	no
京府推官	no
宮觀差遣	no
九寺主簿	no
侍衛司空	no
文明學士	no
開府儀同	no
都大茶馬	no
屯衛將軍	no
東綾錦使	no
太常博士	no
記室參軍	no
判太醫局	no
通判某府	no
直集賢院	no
入內押班	no
禮部侍郎	no
儀曹參軍	no
教坊判官	no
御史中丞	no
女官六尚	no
翰林書藝	no
衛尉主簿	no
發運判官	no
榷易副使	no
太子太保	no
斷刑寺丞	no
提舉兵部	no
左迪功郎	no
三部勾院	no
敦睦宮使	no
北道總管	no
知審刑院	no
右承務郎	no
進勇副尉	no
外尚書省	no
近侍直長	no
提舉帳司	no
國學直講	no
直敷文閣	no
經制財用	no
供備庫使	no
牧兵校長	no
吏部郎官	no
倉部判司	no
集禧觀使	no
權三司使	no
秘閣修撰	no
圻父之貳	no
東宮師傅	no
測驗渾儀	no
忠佐軍頭	no
太學助教	no
四方館使	no
州郡學校	no
中散大夫	no
諸衛將軍	no
左飛龍院	no
職事學正	no
某軍教授	no
天章侍講	no
侍御行首	no
左街首座	no
轉運使司	no
北宅講書	no
南面林牙	no
禮部尚書	no
辟雍主簿	no
文學參軍	no
宣正大夫	no
押班殿直	no
香藥庫使	no
中書內省	no
武部尚書	no
醫官副使	no
引接儀範	no
宮觀都監	no
膳部郎中	no
都巡檢使	no
臨安府知	no
驍衛將軍	no
內藏庫使	no
測驗記注	no
太子侍讀	no
淮西總領	no
諸房提點	no
混同郡王	no
判國子監	no
漆水郡王	no
職方郎中	no
向上人吏	no
上京留守	no
通判臨安	no
寳文待制	no
右天廄院	no
辟雍直學	no
南京留司	no
權少監事	no
中嶽廟令	no
鼓院監官	no
左從政郎	no
中衛大夫	no
判吏部事	no
吏部判事	no
大理寺丞	no
武略大夫	no
太樂局丞	no
領閤門事	no
騏驥副使	no
北院將軍	no
駐泊巡檢	no
法酒庫使	no
七寺少卿	no
私名副知	no
太府寺卿	no
隨軍漕臣	no
安撫都監	no
殿前左班	no
左領軍衛	no
書院洞主	no
左夷離畢	no
開國縣公	no
西京作坊	no
同知院事	no
戶部郎中	no
臺綱之長	no
四排岸司	no
右承事郎	no
右承奉郎	no
兵馬鈐轄	no
初等職官	no
三衙諸軍	no
振威副尉	no
鼓吹局丞	no
南京留守	no
寺監副貳	no
防禦副使	no
飛龍副使	no
製撰文字	no
小學集正	no
儀鸞司營	no
觀察判官	no
翰林學士	no
遙郡承宣	no
經略安撫	no
太常寺丞	no
同修國史	no
太子詹事	no
鈐轄教坊	no
西綾錦使	no
三班奉職	no
右騏驥使	no
右朝散郎	no
兵部甲庫	no
監圖書官	no
三院御史	no
左軍巡使	no
南宅伴讀	no
後殿都知	no
直顯文閣	no
三司巡官	no
巡羊使臣	no
知臨安府	no
秘閣校理	no
武藏之任	no
左神武軍	no
太常禮院	no
外都水監	no
內弓箭庫	no
尚右郎官	no
士曹參軍	no
大同府尹	no
錄事參軍	no
大定府尹	no
平和大夫	no
修玉牒官	no
司農寺丞	no
太史局正	no
撰著之佐	no
吏部南曹	no
制國用使	no
知某監事	no
監御廚官	no
兩使職官	no
左右鑒義	no
同制置使	no
尚藥奉御	no
吏部尚書	no
知宗正丞	no
外符寶郎	no
國學教諭	no
兵馬監押	no
賜緋待詔	no
鹽鐵判官	no
致果副尉	no
寄班殿直	no
茶酒殿侍	no
軍事推官	no
武官舍人	no
民曹上卿	no
三司副使	no
供御軍使	no
祗候郎君	no
領樞密院	no
左藏二庫	no
御前忠佐	no
守闕衙前	no
副都統制	no
尚書右曹	no
六部長貳	no
南院大王	no
觀察支使	no
帶御器械	no
外府亞卿	no
捧日左廂	no
管押節級	no
御史臺官	no
保安大夫	no
內侍少監	no
太常寺簿	no
内作坊使	no
分司南京	no
監院中使	no
延福宮使	no
司天少監	no
諸直十將	no
西院主簿	no
兵曹四司	no
大晟府吏	no
分司筦榷	no
都水監丞	no
進義校尉	no
左宣義郎	no
太僕主簿	no
右宣教郎	no
留司三司	no
諮議參軍	no
揀中副知	no
閣直學士	no
金堤都大	no
入內黃門	no
御龍右直	no
春秋博士	no
正侍大夫	no
湯藥小底	no
登聞鼓院	no
武德大夫	no
左興教郎	no
右曹郎官	no
通侍大夫	no
太皇太后	no
大晟樂府	no
中書侍郎	no
內侍殿頭	no
太上皇后	no
兩院御史	no
冬卿常伯	no
右宣義郎	no
準備使喚	no
寧遠將軍	no
宣奉大夫	no
屯曹外郎	no
翰林司藝	no
翰林醫痊	no
外任監當	no
兵部尚書	no
守闕副知	no
翰林司吏	no
兩司三衙	no
管當公事	no
三陵副使	no
下卸兵士	no
金槍左班	no
州縣長吏	no
留都獬豸	no
國史編校	no
侍右侍郎	no
書院山長	no
北院掾史	no
右朝奉郎	no
侍省都知	no
中書檢正	no
寄班侍禁	no
廣備指揮	no
廣平郡王	no
左龍武軍	no
秘書正字	no
判司簿尉	no
游騎將軍	no
開封府司	no
判太史局	no
中書舍人	no
轉運判官	no
檢校司徒	no
太子侍講	no
監使臣	no
廣場人	no
冰井務	no
廢置司	no
書庫官	no
都護府	no
錄參軍	no
防禦州	no
提轄司	no
監朝服	no
小兩制	no
尹天府	no
編校官	no
主縣簿	no
日邊人	no
尹中都	no
印經院	no
辟雍錄	no
致遠務	no
惠民局	no
流外銓	no
太僕卿	no
群牧使	no
儒林郎	no
上將軍	no
國子丞	no
宣撫使	no
謄錄官	no
教坊使	no
權中丞	no
宮闈令	no
簾箔場	no
準舘職	no
部隊將	no
起居院	no
郡王閤	no
鴻臚寺	no
殿中簿	no
判南衙	no
左巡院	no
內常侍	no
鹽鐵使	no
金部司	no
浙江亭	no
開國伯	no
權禮侍	no
飛龍使	no
延義閣	no
監作院	no
校書郎	no
律學士	no
副都知	no
財用司	no
管臺事	no
都元帥	no
南外司	no
三衛府	no
亞軒龍	no
步軍司	no
大兩省	no
大理卿	no
郡太守	no
內給事	no
閣學士	no
著庭官	no
縣西尉	no
教坊所	no
檢法官	no
寶文閣	no
專審司	no
知西外	no
度支司	no
開國子	no
州長史	no
尚書省	no
軍監押	no
太史局	no
禁衛所	no
泉舶司	no
會要所	no
四書院	no
太府丞	no
左光祿	no
都統制	no
道錄院	no
門下相	no
路鈐衙	no
陵巡檢	no
奉宸隊	no
大將軍	no
臺諫官	no
胄監長	no
十樣錦	no
權尚書	no
市舶務	no
內侍省	no
刑部司	no
冠孤卿	no
貳守事	no
洛苑使	no
右仆射	no
檢踏官	no
郡太君	no
判禮院	no
天府尹	no
勾當官	no
州教官	no
開拆司	no
校勘官	no
天文官	no
貳戎監	no
越國王	no
右常侍	no
斗秤務	no
諸司使	no
武顯郎	no
按察使	no
錢帛案	no
判部事	no
鎮撫司	no
茶馬官	no
麥𪌭場	no
右武衛	no
措大官	no
二起居	no
懷遠驛	no
衛尉丞	no
貳秋官	no
武學正	no
左春坊	no
權知府	no
受事司	no
判考功	no
內酒坊	no
都門官	no
天駟監	no
軍器局	no
弓箭直	no
客省使	no
春官卿	no
官誥院	no
奉宸庫	no
節度州	no
尚酝局	no
官制所	no
知雜窠	no
經撫司	no
承受官	no
錄事參	no
應天府	no
左右曹	no
辟雍丞	no
格式司	no
主判官	no
副都頭	no
監書庫	no
六院官	no
宗正丞	no
投名人	no
宜春苑	no
提點司	no
府推官	no
州從事	no
司農寺	no
色役案	no
正舘職	no
管勾官	no
課績院	no
養象所	no
舊館閣	no
北丞司	no
都檢正	no
北排岸	no
安濟坊	no
府教官	no
雜買務	no
太上皇	no
貳樞廷	no
同知院	no
柱下史	no
紅蓮幕	no
發運使	no
度支院	no
雲韶部	no
刑曹掾	no
統軍使	no
白雲司	no
宏文館	no
文繡院	no
香藥庫	no
修造案	no
副臺端	no
州鈐轄	no
宋國王	no
榷茶司	no
尚廄使	no
步遞鋪	no
貳太常	no
三班借	no
都茶庫	no
太醫正	no
機宜司	no
大帥司	no
副部頭	no
衣甲庫	no
宣總司	no
燕國王	no
算學生	no
法直官	no
都大司	no
將虞候	no
右軍巡	no
孔目官	no
都巡檢	no
貳農正	no
簉宮師	no
都茶場	no
散內品	no
太子宮	no
懿親宅	no
副承旨	no
副都制	no
編修官	no
統帥府	no
判鼓院	no
檢正所	no
大樂案	no
齊國王	no
辟雍正	no
右計使	no
天文院	no
太醫學	no
左議郎	no
太子傅	no
八作司	no
太史丞	no
伎術官	no
登聞院	no
壽安王	no
通判廳	no
四總領	no
祠部司	no
上柱國	no
待漏院	no
司竹監	no
上樂工	no
左大計	no
參詳官	no
賢内助	no
虞部司	no
街道司	no
左林牙	no
仆射丞	no
小司徒	no
紫微人	no
知貢舉	no
中門官	no
茶鹽司	no
右理曹	no
路巡社	no
參機政	no
議事堂	no
耳目官	no
四色官	no
武義郎	no
大司成	no
右諭德	no
兩門官	no
百司案	no
同知樞	no
御史臺	no
給事郎	no
鼓吹局	no
蔡河鎖	no
廷尉丞	no
都鹽案	no
判館事	no
判寺事	no
右治獄	no
團副使	no
勾當院	no
刑部郎	no
鹽事司	no
外殿直	no
北院使	no
睦親宅	no
發放司	no
縣尉司	no
貳文昌	no
司寇院	no
右光祿	no
左計司	no
印曆所	no
寶籙官	no
平章事	no
流內銓	no
課利司	no
主押官	no
倅天官	no
同判院	no
金部郎	no
物料庫	no
徵欠司	no
秦國王	no
如京使	no
中散郎	no
大府丞	no
左僕射	no
文思使	no
引贊官	no
雙學士	no
貳春官	no
履正郎	no
騎御馬	no
右林牙	no
點筆班	no
亞鼎司	no
交引庫	no
右計司	no
事務官	no
專知官	no
計議官	no
州鈐廳	no
佐使府	no
蠲納司	no
牧龍坊	no
右大計	no
提幹廳	no
國子監	no
内侍省	no
國信使	no
儀鸞司	no
左右仗	no
同巡檢	no
制置使	no
內班院	no
武學錄	no
典奉御	no
九寺丞	no
騎馬直	no
提點所	no
總制司	no
激賞庫	no
中郎將	no
灑掃班	no
崇文院	no
醫學錄	no
箏色長	no
東審院	no
秉義郎	no
殿前司	no
官告院	no
和劑局	no
提領官	no
貳東省	no
市舶使	no
翰林使	no
左斷刑	no
壇廟案	no
黃門院	no
幹茗局	no
通進司	no
禮儀院	no
後苑作	no
大丞相	no
赤縣丞	no
從義郎	no
新賜案	no
斷刑正	no
圖畫院	no
總管府	no
安撫司	no
國學師	no
四總管	no
馬軍帥	no
都部頭	no
皇太后	no
尚書郎	no
貳版曹	no
朝散郎	no
監嶽廟	no
撫諭官	no
監庫務	no
市易務	no
判局官	no
太僕丞	no
中大夫	no
承旨官	no
招撫司	no
右護衛	no
西審院	no
奉使所	no
功德使	no
條例司	no
尚輦局	no
衙前樂	no
事材場	no
監牧司	no
知南外	no
庫務司	no
同判局	no
武功郎	no
刻漏所	no
小司馬	no
奉直郎	no
守當官	no
睦宗院	no
金吾仗	no
漕運使	no
秤漏官	no
牛羊使	no
侍衛司	no
府通判	no
簽判廳	no
乳酪院	no
貳邦計	no
譯經使	no
右丞相	no
倉部郎	no
律學生	no
副中丞	no
少宗正	no
從仕郎	no
發敕官	no
謀議官	no
參議官	no
春官正	no
尚衣庫	no
雜賣場	no
郡夫人	no
直龍圖	no
軍器所	no
顆鹽案	no
宗子學	no
太府寺	no
禮制局	no
副元帥	no
小殿直	no
封樁庫	no
入內省	no
副將軍	no
宣慶使	no
上鐵林	no
指揮使	no
揆門相	no
諸班直	no
判院事	no
監奏邸	no
陳國王	no
都水監	no
貳憲部	no
掌書記	no
宮都監	no
昭文館	no
會子庫	no
同都督	no
宣德郎	no
開國公	no
留守司	no
大樂所	no
廣親宅	no
鹽鐵院	no
糾察司	no
審計司	no
州別駕	no
經略司	no
守衙前	no
右次相	no
著作庭	no
太僕寺	no
郡王府	no
拘收司	no
開國男	no
提舉所	no
外彈案	no
監當官	no
撫諭使	no
判南曹	no
知雜事	no
都虞侯	no
瓊林苑	no
符寶郎	no
酒坊使	no
修河司	no
都大官	no
圍場使	no
行在所	no
故紙倉	no
左護衛	no
都曲院	no
大宗司	no
都省堂	no
大樂局	no
藥蜜庫	no
司農丞	no
宣教郎	no
內寺伯	no
都部管	no
武俊士	no
戶部使	no
寫宣命	no
幹管官	no
轉漕司	no
掌故官	no
左常侍	no
右諫議	no
司宗丞	no
衣庫使	no
宗正卿	no
學省丞	no
熟藥所	no
忠佐司	no
副留守	no
左諫議	no
六坊監	no
都作院	no
參軍事	no
屯田司	no
州司馬	no
玉牒局	no
管勾所	no
尚舍局	no
右銀青	no
所參詳	no
海濱王	no
左正言	no
右正言	no
國學生	no
後堂官	no
外監丞	no
店宅務	no
糧審院	no
大宗伯	no
大理正	no
屬籍案	no
檢正廳	no
制敕庫	no
大社令	no
輦運司	no
堤岸司	no
成全郎	no
大卿監	no
大宗正	no
河南府	no
部使者	no
都庫經	no
丁父憂	no
審計院	no
副都統	no
驅使官	no
權提舉	no
三勾院	no
造曆局	no
謄錄院	no
給事中	no
御書院	no
國子簿	no
合同司	no
鑄錢監	no
察訪司	no
秘書監	no
正貼書	no
主簿廳	no
夷離堇	no
大理寺	no
閤門司	no
承直郎	no
下卸司	no
武略郎	no
勾簿司	no
祠部郎	no
軍巡獄	no
樓店務	no
山陵使	no
鎮判官	no
刺史州	no
大司樂	no
工曹掾	no
勸農司	no
文林郎	no
權侍郎	no
排陣使	no
集賢殿	no
東宮官	no
典臬事	no
路都監	no
大制司	no
副知官	no
太常寺	no
大理官	no
庫經司	no
直學士	no
北大王	no
催綱官	no
二窯務	no
監坑冶	no
崇儀使	no
禮曆生	no
尚衣局	no
魯國王	no
實錄院	no
醫官使	no
磨勘院	no
丞水官	no
大學士	no
賬籍司	no
西染院	no
都司官	no
國用司	no
兩縣案	no
押宿官	no
郡總管	no
皇城使	no
都統司	no
宮苑使	no
右中散	no
督視府	no
貳中壺	no
三計使	no
宿國王	no
內等子	no
天官卿	no
暖烫官	no
忠翊郎	no
保義郎	no
解鹽司	no
莊宅使	no
太樂令	no
左仆射	no
著作郎	no
正記房	no
從政郎	no
軍都校	no
左朝議	no
兵刑案	no
保章正	no
推勘官	no
勸農使	no
夷離畢	no
小職事	no
嗣國王	no
知西院	no
太醫案	no
諫官廳	no
尚乘局	no
御輦院	no
搜訪庫	no
都亭驛	no
親從官	no
養馬務	no
小司空	no
知禮院	no
內舍生	no
編修院	no
宣諭官	no
銀槍班	no
兩稅案	no
氈毯使	no
尚食局	no
郡王友	no
閤門使	no
左丞郎	no
皮角場	no
京城務	no
供御營	no
糧勾院	no
六卿副	no
領防郡	no
親衛官	no
理軍務	no
六察官	no
裁造務	no
知審官	no
尅澤官	no
都押衙	no
斛斗案	no
太樂案	no
買鈔所	no
三務場	no
譏門官	no
殿中監	no
書藝局	no
部刺使	no
大樂正	no
主管院	no
右侍禁	no
左右司	no
都總轄	no
律學正	no
典貢部	no
監檢院	no
同知宗	no
花料司	no
祠祿官	no
都督州	no
訓武郎	no
紫微垣	no
騎都尉	no
宣徽使	no
縣學諭	no
小宗伯	no
庫部司	no
攢宮司	no
撥發司	no
掌貢部	no
佐官廳	no
起部郎	no
楚國王	no
縣學長	no
鈐轄司	no
曹掾官	no
禮賓院	no
催欠司	no
司度曹	no
翰林院	no
長夏官	no
茶馬司	no
兵鈐轄	no
敦武郎	no
榷易使	no
巡捕官	no
宣政使	no
判監事	no
發敕院	no
掌儀範	no
印版庫	no
經制司	no
百夫長	no
察訪官	no
四坊監	no
什物庫	no
駕部司	no
度牒庫	no
知諫院	no
綾錦院	no
左藏庫	no
工部司	no
判都省	no
大理丞	no
坑冶司	no
副民部	no
同提點	no
知監事	no
元帥府	no
訓練官	no
尚書令	no
引進使	no
內宰相	no
廚庫窠	no
四園苑	no
左右街	no
知閤門	no
少府丞	no
知政事	no
醫官院	no
上護軍	no
昭宣使	no
六統軍	no
左廂官	no
職方氏	no
少卿監	no
記注官	no
弓弩院	no
擡盤子	no
散參軍	no
發運案	no
安樂坊	no
貳奉常	no
冬官正	no
寄樁庫	no
九寺簿	no
趙國王	no
將作簿	no
監試官	no
承事郎	no
縣太君	no
文昌府	no
參版部	no
正刺史	no
寺務司	no
永康王	no
酒稅務	no
軍頭司	no
律學館	no
度支使	no
診御脉	no
瑞錦窠	no
養濟院	no
左右史	no
忠訓郎	no
匠監丞	no
尚藥局	no
武德使	no
太府簿	no
貳軍器	no
檢討官	no
通直郎	no
所詳定	no
拱衛郎	no
和安郎	no
檢正房	no
奉議郎	no
潤文官	no
知院事	no
著作局	no
知算造	no
都廂官	no
小通事	no
寶貨司	no
鐘鼓院	no
小黃門	no
秉衡鈞	no
兵馬司	no
捧日隊	no
敦宗院	no
通仕郎	no
七寺卿	no
亞長秋	no
虞度候	no
國史案	no
開國侯	no
總計使	no
左丞相	no
修職郎	no
左大相	no
門下省	no
南大王	no
下都營	no
來遠驛	no
皮角庫	no
集賢相	no
觀察州	no
進奏院	no
樞密直	no
武提刑	no
帳籍司	no
親王傅	no
司宮令	no
後苑所	no
省馬院	no
戶稅案	no
鑄錢司	no
內衣庫	no
判官事	no
大惕隱	no
保和殿	no
太社令	no
左侍禁	no
待制案	no
大使司	no
同提刑	no
判勾院	no
楚國公	no
社稷令	no
左補闕	no
貳外府	no
經撫房	no
大司馬	no
小將軍	no
雜事案	no
知後官	no
參鬷嘏	no
專計司	no
儀曹掾	no
書學生	no
都督府	no
修實錄	no
長道山	no
路監司	no
承信郎	no
尅擇官	no
挈壺正	no
南平王	no
檢正官	no
講讀官	no
三司吏	no
縣丞廳	no
營田使	no
常平官	no
州助教	no
知班官	no
弘文館	no
治獄丞	no
牧養監	no
河埽司	no
將作丞	no
鴻臚丞	no
右巡院	no
佐司馬	no
元豐庫	no
三衛官	no
右補闕	no
籍田令	no
祗候人	no
左拾遺	no
國用使	no
副陵使	no
提舉司	no
監判官	no
團練州	no
大職事	no
鹽鐵司	no
說書所	no
催驅司	no
蕃衍宅	no
議禮局	no
縣東尉	no
大樂令	no
順化王	no
資政殿	no
鴻臚卿	no
五房院	no
香火祠	no
秘書省	no
太子僕	no
平和郎	no
班荊館	no
糾察官	no
舞色長	no
監祭使	no
許國王	no
文宣公	no
太學生	no
檢校官	no
刪修官	no
臺主簿	no
車營務	no
光祿卿	no
管幹官	no
四排岸	no
貳大農	no
郊社令	no
御藥院	no
刻擇官	no
膠庠丞	no
巡轄官	no
參內宰	no
日曆所	no
宗正司	no
武學生	no
監衣庫	no
職事人	no
軍大將	no
供庖務	no
衣料案	no
中衛郎	no
御馬院	no
左驍衛	no
推勘司	no
判兵部	no
庠學丞	no
下樂工	no
右街使	no
都輦官	no
南院使	no
公相廳	no
武經郎	no
司天生	no
保甲司	no
廉訪使	no
秘書丞	no
宣旨院	no
將作監	no
國信司	no
大元帥	no
景靈使	no
判史館	no
保和郎	no
右起居	no
凝華堂	no
直秘閣	no
宰掾司	no
右屯衛	no
部刺史	no
中官正	no
觀察使	no
提學司	no
寄祿官	no
成安郎	no
都水丞	no
大程官	no
考功郎	no
北外丞	no
東平王	no
古器庫	no
引見司	no
膳部司	no
知密院	no
簿書官	no
中樂工	no
經制使	no
登仕郎	no
廷尉卿	no
玉牒所	no
簉明刑	no
學事司	no
節度使	no
押擁隊	no
虎翼軍	no
教練使	no
左起居	no
廉訪所	no
七寺丞	no
司天監	no
庫院子	no
廣舶司	no
常平使	no
知卿事	no
大觀文	no
常平司	no
刑獄案	no
法物庫	no
監牧使	no
左軍巡	no
都尊長	no
縣主簿	no
補寫所	no
殿學士	no
蜀國王	no
判群牧	no
瑞聖苑	no
勾押官	no
河渠司	no
油醋庫	no
點檢司	no
都部署	no
廣文館	no
招箭班	no
貳宗伯	no
湘陰王	no
秋官正	no
上下監	no
左庶子	no
八評事	no
右詹事	no
右正議	no
殿侍班	no
都點檢	no
六宅使	no
貳秘書	no
副樂正	no
武選士	no
都虞候	no
太醫令	no
監門官	no
傳法院	no
戶曹掾	no
夏官正	no
農扈丞	no
魯國公	no
封駁司	no
貳樞莞	no
磨勘司	no
知園令	no
撥發官	no
鎮撫使	no
審官院	no
閣待制	no
正侍郎	no
司勛郎	no
長民官	no
同簽樞	no
右巡使	no
鴻臚簿	no
太府卿	no
散從官	no
主管禮	no
內藥局	no
供御人	no
談天者	no
右拾遺	no
都勾院	no
勾鑿司	no
譯經院	no
六尚局	no
退材場	no
舍人院	no
合行案	no
中軍使	no
樟亭驛	no
群牧司	no
長公主	no
禮部司	no
公使庫	no
測驗官	no
六尚書	no
監州官	no
天廄使	no
理檢院	no
五官正	no
厚宗院	no
骨朵直	no
監香使	no
水磨務	no
皇嫡孫	no
新衣庫	no
右春坊	no
將漕司	no
太常簿	no
皇城司	no
成忠郎	no
太史令	no
準差遣	no
軍資庫	no
宴樂案	no
引進司	no
中亮郎	no
承奉郎	no
丹粉所	no
小卿監	no
導洛司	no
宗正史	no
尚書銓	no
副總管	no
掌法案	no
同提舉	no
大司農	no
書寫人	no
編估局	no
三班院	no
直史館	no
馬軍司	no
表奏官	no
少司成	no
法物案	no
兩作坊	no
承宣使	no
中車院	no
縣小學	no
諸司官	no
演撰官	no
內侍班	no
大制閫	no
點檢所	no
太官令	no
發運司	no
轉運司	no
中黃門	no
宗正寺	no
星漏官	no
推算官	no
昭文相	no
官告局	no
金吾司	no
總管司	no
五司廳	no
軍教官	no
同修撰	no
雜物庫	no
太樂署	no
藩部司	no
都巡司	no
檢詳官	no
監染院	no
四門學	no
副宣撫	no
開封府	no
急腳鋪	no
驍騎尉	no
同簽書	no
寺監簿	no
左正議	no
東丹王	no
御營司	no
驛遣使	no
園陵使	no
內園使	no
右街司	no
榷貨務	no
差遣院	no
權使事	no
軍巡府	no
內謁者	no
率府率	no
權知州	no
總計司	no
糧料院	no
供奉官	no
國信所	no
鼓吹丞	no
弓槍庫	no
知令錄	no
大通事	no
都磨勘	no
州都監	no
䂍矟官	no
都運司	no
禮祭案	no
制敕院	no
總領所	no
文思院	no
支收司	no
安提轉	no
學士院	no
市舶司	no
宣奉郎	no
宣徽院	no
石渠郎	no
左司理	no
左街使	no
判寺官	no
少詹事	no
集賢院	no
左理曹	no
架子頭	no
太平王	no
榷轄司	no
商稅案	no
知寺事	no
職田案	no
太常丞	no
引駕官	no
第四將	no
政事堂	no
主管官	no
左諭德	no
馬步院	no
監造曆	no
剝馬務	no
中書令	no
大晟府	no
武學博	no
左司諫	no
大詳穩	no
準備將	no
軍司馬	no
判工部	no
良馬院	no
局直長	no
左巡使	no
飛騎尉	no
賞給案	no
知府事	no
總領官	no
廩犧案	no
樞密使	no
朝議郎	no
御器械	no
領院事	no
儀鸞使	no
禮儀使	no
右大相	no
仙韶使	no
考課院	no
承進司	no
司農卿	no
判都水	no
王府官	no
雲騎軍	no
輦運使	no
翰林司	no
承節郎	no
封彌官	no
小侍從	no
廂都校	no
措置司	no
權工侍	no
都都知	no
侍御史	no
折中倉	no
權措置	no
知丞事	no
閤門官	no
三朝郎	no
長戎監	no
軍器庫	no
商稅院	no
察推官	no
冠臺席	no
州教授	no
鞍轡使	no
同文館	no
將仕郎	no
鹽稅務	no
四方館	no
修政局	no
轉運使	no
棣華宅	no
推直官	no
太廟令	no
名表郎	no
政記房	no
禮儀案	no
親事官	no
帳司官	no
急腳遞	no
翊衛郎	no
縂兵馬	no
武德司	no
右庶子	no
三陵使	no
寺監丞	no
從事郎	no
參大政	no
文散官	no
詳定官	no
橋道使	no
丁母憂	no
官制局	no
竹木務	no
長外府	no
遙郡使	no
判太史	no
作坊使	no
魏國王	no
正令錄	no
判檢院	no
光祿寺	no
閑廄使	no
都轄房	no
馬遞鋪	no
參謀官	no
太官局	no
親衛郎	no
宰殺務	no
奉國軍	no
上佐官	no
通引官	no
知州事	no
中執法	no
太樂局	no
雲騎尉	no
渾儀丞	no
比部司	no
聚景園	no
內侍官	no
御史府	no
武散官	no
轉運衙	no
司天臺	no
協忠郎	no
同判監	no
太史正	no
鑄印司	no
理欠司	no
長大農	no
巡撫使	no
史館相	no
習醫生	no
嫡皇孫	no
衛將軍	no
左武郎	no
巡鋪官	no
中書省	no
左銀青	no
豫章王	no
飛龍院	no
裁造院	no
衛尉卿	no
大朝官	no
右僕射	no
都監司	no
皇太子	no
茶鹽官	no
皮剝所	no
中書堂	no
祗候班	no
大司寇	no
環衛官	no
國史庫	no
賣藥所	no
判秘閣	no
承務郎	no
朝集院	no
大資政	no
宣慰使	no
南宮郎	no
權舍人	no
解鹽使	no
百官案	no
副部署	no
右散騎	no
幕職官	no
潛火司	no
西外司	no
會子所	no
上供案	no
小司寇	no
大使臣	no
貳地官	no
率更令	no
茶鹽幹	no
文昌省	no
太史官	no
南班官	no
修武郎	no
佐著作	no
食實封	no
宣撫司	no
提舉官	no
曆日所	no
權發遣	no
東水硙	no
律學錄	no
斥堠鋪	no
迪功郎	no
制置司	no
諸曹官	no
都官司	no
軍判官	no
中軍將	no
奉禮郎	no
靈臺郎	no
晉國王	no
殿中丞	no
左街司	no
上御藥	no
天文局	no
防禦使	no
大名府	no
司封司	no
茶場司	no
武學諭	no
運鹽司	no
邇英閣	no
都提舉	no
巡檢司	no
國夫人	no
長蓬山	no
州兩院	no
對讀官	no
渾儀所	no
學教授	no
臨安府	no
掌書命	no
太常卿	no
紫霞帔	no
士曹掾	no
常平案	no
知雜案	no
丞相府	no
成和郎	no
押司官	no
內東門	no
大龍圖	no
宣議郎	no
員外郎	no
職方司	no
南丞司	no
大有司	no
左計使	no
製造案	no
都漕司	no
副鈐轄	no
拘押官	no
陵都監	no
考功司	no
宣諭使	no
帥司屬	no
同統制	no
朝奉郎	no
右司理	no
管幹人	no
太醫局	no
承議郎	no
武博士	no
小朝官	no
籍田司	no
抵當庫	no
長孤卿	no
貳中臺	no
都水司	no
上四軍	no
招討使	no
糧料案	no
書令史	no
國子學	no
司勳司	no
知州帥	no
武騎尉	no
同判寺	no
軍器監	no
監學官	no
紅霞帔	no
南陽侯	no
糾曹掾	no
幹辦官	no
正任官	no
三部使	no
石炭場	no
覆考官	no
車輅院	no
內侍監	no
貳揆臣	no
汴河鎖	no
新益堂	no
修國史	no
皇太妃	no
貳民曹	no
都官郎	no
左次相	no
碑石庫	no
三舘士	no
大樂署	no
貳西臺	no
掌燈火	no
天廄院	no
修史院	no
鼓吹案	no
幹當官	no
三獄院	no
宮觀使	no
巡防官	no
尚食使	no
御厨使	no
遙郡官	no
稱銅官	no
大內相	no
殿帥府	no
知雜司	no
都鈐轄	no
樞密院	no
知制誥	no
左武衛	no
耕籍使	no
部署司	no
教駿營	no
內藏庫	no
三城節	no
勛位官	no
朝請郎	no
統制官	no
騏驥使	no
六察案	no
茶酒局	no
開封尹	no
二八作	no
知書省	no
大都督	no
內命婦	no
太醫丞	no
一字王	no
修內司	no
丞軍器	no
秘書郎	no
倉場所	no
禮賓使	no
衛國公	no
六品案	no
倉部司	no
廊下使	no
正齋僕	no
講議司	no
鞍轡庫	no
容臺丞	no
都總管	no
書待詔	no
末鹽案	no
開封牧	no
光祿丞	no
國子正	no
茶酒司	no
五輅院	no
府軍監	no
次供御	no
講筵官	no
鹽稅司	no
醫學正	no
鑄錢使	no
二千石	no
戶部院	no
打套局	no
提轄官	no
理檢使	no
吳國王	no
都水者	no
四提轄	no
團練使	no
宣諭司	no
半刺史	no
書直官	no
國史院	no
三衛郎	no
衛尉寺	no
翊衛官	no
都色長	no
水部司	no
兵部司	no
講筵所	no
陵臺令	no
提點官	no
隨軍漕	no
總轄房	no
貼齋僕	no
銀臺司	no
都知司	no
堂後官	no
都軍頭	no
祗候庫	no
內彈案	no
市舶亭	no
右朝議	no
帳設局	no
判刑部	no
鈔引庫	no
御營使	no
宣正郎	no
所編修	no
保安郎	no
右武郎	no
長帝姬	no
小使臣	no
兵曹掾	no
同二品	no
安撫使	no
左中散	no
上庠丞	no
武德郎	no
韓國王	no
圖畫局	no
玉津園	no
審刑院	no
武節郎	no
少府監	no
中書相	no
右司諫	no
法酒庫	no
憲府官	no
協律郎	no
小博士	no
造帳司	no
刪定官	no
右驍衛	no
功曹掾	no
三司使	no
鄉書手	no
親賢宅	no
貳維師	no
令式所	no
戶部司	no
經筵官	no
三光祿	no
司理院	no
判省事	no
車子院	no
巡檢使	no
貳容臺	no
孳生監	no
進奏官	no
執政官	no
起居郎	no
經略使	no
專勾司	no
司門郎	no
吏部司	no
幹辦司	no
中侍郎	no
習學生	no
小學錄	no
隋國王	no
武翼郎	no
親王府	no
監主簿	no
殿中省	no
同總領	no
後苑使	no
貳繕工	no
司門司	no
監場官	no
太學錄	no
書狀官	no
鼓吹署	no
太學正	no
監長貳	no
梁國王	no
長本兵	no
國子錄	no
考試官	no
魏國公	no
禮院生	no
複算司	no
抵當所	no
詳斷官	no
醫官局	no
宮邸官	no
招撫使	no
同管幹	no
樞輔	no
二學	no
中舍	no
憲寄	no
內樞	no
直閣	no
貳車	no
封人	no
驛傳	no
光祿	no
工案	no
副樞	no
維垣	no
環列	no
閹豎	no
侍郎	no
催鋼	no
道揆	no
常丞	no
起部	no
匠簿	no
廉使	no
老龍	no
武士	no
六卿	no
鎮官	no
右廳	no
省判	no
兩鎮	no
廂主	no
冀王	no
京府	no
安人	no
左璫	no
押衙	no
寺正	no
縣佐	no
邑簿	no
賬司	no
工書	no
承局	no
總屬	no
梅里	no
廚子	no
尚右	no
版書	no
例部	no
教坊	no
參贊	no
副帥	no
京泮	no
麾節	no
宋代	no
禮侍	no
編估	no
簽署	no
選曹	no
延康	no
都鈐	no
判勾	no
宣參	no
司門	no
知院	no
龍制	no
秘丘	no
內翰	no
司憲	no
西垣	no
馬監	no
校正	no
巡檢	no
順儀	no
頌臺	no
宮正	no
左貂	no
密地	no
馬帥	no
翰墨	no
引見	no
貢院	no
東班	no
知庫	no
西監	no
丞廳	no
路憲	no
合同	no
幕府	no
臺席	no
五馬	no
東觀	no
監庫	no
鄭王	no
內官	no
賢關	no
嬪嬙	no
東上	no
院子	no
都頭	no
藩臣	no
馬軍	no
擁隊	no
醫生	no
判曹	no
太史	no
錄曹	no
驛使	no
引進	no
專勾	no
女官	no
遙察	no
西樞	no
憲長	no
宣使	no
都督	no
拽剌	no
經干	no
置使	no
宮闈	no
齋郎	no
曲院	no
節級	no
四轄	no
中司	no
司封	no
掌記	no
曹司	no
仆丞	no
平事	no
鼓吹	no
副介	no
星翁	no
青宮	no
講官	no
司馬	no
霸府	no
銀臺	no
龍圖	no
倉郎	no
判州	no
主將	no
掌膳	no
作坊	no
春宮	no
亞卿	no
御府	no
倉幕	no
甲庫	no
挈壺	no
衣服	no
留臺	no
郡倅	no
宗職	no
轉運	no
府吏	no
右曹	no
廊廟	no
掌武	no
樂令	no
左衛	no
遙州	no
司珍	no
儲貳	no
禮院	no
裨將	no
臺端	no
武博	no
天官	no
惠妃	no
常少	no
奚王	no
解試	no
鄉手	no
督郵	no
節度	no
陳王	no
制幹	no
貳令	no
右選	no
北門	no
詞掖	no
幕士	no
教駿	no
運副	no
三事	no
擺鋪	no
書史	no
右輔	no
正將	no
伶人	no
密學	no
醫學	no
賓省	no
特進	no
尚寢	no
典客	no
將級	no
郎中	no
帥憲	no
連帥	no
內廄	no
尉督	no
主司	no
東岸	no
察判	no
京兆	no
評事	no
長秋	no
街使	no
食邑	no
宥府	no
宮使	no
轄院	no
外郎	no
典吏	no
國醫	no
開府	no
飽卿	no
邸吏	no
帥臣	no
給舍	no
北內	no
西驛	no
武學	no
內舍	no
門侍	no
進奏	no
引客	no
法曹	no
司輿	no
舍人	no
宗學	no
某州	no
冢宰	no
後苑	no
宮觀	no
典贊	no
進邸	no
右階	no
司治	no
舶司	no
左陛	no
等子	no
史局	no
庫部	no
尚書	no
郎員	no
買務	no
秋卿	no
法寺	no
大尹	no
制使	no
戶掾	no
西階	no
農寺	no
南內	no
掌仗	no
楚古	no
典製	no
臺臣	no
宗王	no
監修	no
十將	no
度支	no
內庫	no
監祭	no
春官	no
察案	no
國學	no
鼓院	no
簽判	no
帝儲	no
冷卿	no
將軍	no
名曹	no
殿院	no
金坡	no
知通	no
三館	no
惠民	no
天廄	no
閣老	no
都監	no
天章	no
工外	no
營田	no
龍直	no
監鎮	no
裏行	no
下都	no
賦閑	no
曆生	no
磨勘	no
大棘	no
六傅	no
記室	no
知府	no
倉司	no
奉常	no
治中	no
郡學	no
左揆	no
州團	no
豳王	no
三槐	no
校勘	no
發幹	no
同修	no
理寺	no
淑妃	no
左省	no
東朝	no
鈐轄	no
學省	no
同使	no
承事	no
太儀	no
典籍	no
專吏	no
臺郎	no
朝堂	no
監使	no
提刑	no
府幕	no
常伯	no
快行	no
修容	no
大蟲	no
承制	no
南床	no
中人	no
文昌	no
團結	no
直仗	no
省佐	no
外府	no
宗子	no
三牙	no
郡公	no
司法	no
平章	no
邸官	no
令穩	no
貳漕	no
選部	no
刑案	no
柏府	no
勛位	no
洗馬	no
鎮撫	no
南省	no
次傅	no
庫典	no
昭文	no
僉判	no
太博	no
掌言	no
戶尉	no
制機	no
監少	no
州家	no
將漕	no
豫王	no
府司	no
機宜	no
使弼	no
推丞	no
知佐	no
校對	no
計府	no
舶幹	no
宰屬	no
郡家	no
六院	no
內人	no
上官	no
詳斷	no
觀使	no
總管	no
五學	no
六曹	no
縣尹	no
軒龍	no
邑尉	no
大觀	no
刑詳	no
郎官	no
武德	no
縣君	no
傳置	no
知縣	no
少宰	no
使職	no
運幹	no
樞貳	no
洪樞	no
南庫	no
座主	no
朝議	no
棘丞	no
典藥	no
試秩	no
下夫	no
都府	no
三鎮	no
會府	no
總餉	no
掌製	no
鄂州	no
醫正	no
寺簿	no
知錄	no
將司	no
成均	no
書院	no
樞近	no
琛臺	no
符寶	no
首宰	no
宮祠	no
稼卿	no
小鳳	no
市舶	no
端揆	no
園令	no
典綵	no
皇后	no
文思	no
祠舘	no
侍兒	no
監丞	no
車營	no
僧錄	no
冰廳	no
管記	no
右衛	no
理掾	no
郡君	no
內宰	no
州掾	no
進士	no
刑書	no
殿侍	no
六尚	no
四舘	no
議司	no
都知	no
郡守	no
守臣	no
政堂	no
御帶	no
臺轄	no
繡使	no
岐王	no
相君	no
進院	no
大著	no
孤卿	no
王友	no
主推	no
鼎席	no
禮闈	no
婕妤	no
衛王	no
功曹	no
奉直	no
秣司	no
王邸	no
公相	no
宰掾	no
漕臺	no
醫師	no
巡司	no
幕屬	no
珥貂	no
師臣	no
南丞	no
南班	no
民部	no
制幕	no
芸臺	no
沙里	no
指揮	no
驍衛	no
司繕	no
掌輿	no
臺閣	no
甲頭	no
計院	no
將佐	no
敷學	no
梅老	no
省計	no
鳳池	no
仗司	no
樞府	no
權使	no
大蓬	no
州倅	no
時宰	no
臺雜	no
司給	no
冶司	no
烏府	no
武階	no
典庫	no
檢法	no
演綸	no
冬卿	no
防禦	no
總轄	no
匭院	no
廉車	no
府判	no
秋官	no
中奉	no
聖子	no
看鼓	no
貼書	no
運譜	no
格式	no
掌庫	no
傳授	no
鐘官	no
死龍	no
行司	no
太后	no
縣馬	no
監押	no
承送	no
中宮	no
冊府	no
文舘	no
月卿	no
宰臣	no
胥史	no
典記	no
掌樂	no
工察	no
曲臺	no
監專	no
正錄	no
次供	no
兵府	no
樞相	no
制帥	no
木天	no
臺簿	no
宥廷	no
彈琴	no
棘卿	no
判臺	no
印司	no
皇妃	no
記諮	no
監酒	no
讞寺	no
行府	no
近璫	no
首臺	no
教授	no
宗姬	no
文階	no
臺案	no
總計	no
殿前	no
將副	no
試銜	no
馬遞	no
上閤	no
司仗	no
下班	no
丞相	no
帥司	no
節鉞	no
驛置	no
田部	no
左廳	no
千歲	no
州監	no
右戶	no
儀司	no
座婆	no
鴻臚	no
小宗	no
小底	no
元豐	no
扈簿	no
獨坐	no
領院	no
主簿	no
帥幹	no
明公	no
理官	no
檢踏	no
女史	no
祭酒	no
參謀	no
尚功	no
太師	no
通仕	no
國監	no
修媛	no
褕翟	no
佐漕	no
軍鋪	no
掌苑	no
法官	no
少保	no
右弼	no
美人	no
左推	no
版曹	no
總幹	no
鑾坡	no
攝官	no
晉王	no
務場	no
史院	no
儒舘	no
閽寺	no
察院	no
禮部	no
門子	no
宗庠	no
鈞衡	no
殿巖	no
鎮司	no
少常	no
三臺	no
制誥	no
賜紫	no
卿少	no
安府	no
知後	no
後行	no
藩邸	no
監鼓	no
雜役	no
三部	no
轄長	no
刑侍	no
軍巡	no
茶使	no
殿下	no
副宰	no
打套	no
副端	no
典飾	no
貂嬋	no
內班	no
南外	no
二天	no
留鑰	no
監茶	no
司成	no
尹臣	no
功臣	no
貳公	no
鈴閣	no
吏察	no
軍事	no
郡寄	no
中大	no
左綱	no
審刑	no
挽郎	no
馬直	no
右巡	no
維師	no
倉曹	no
禮察	no
州司	no
五使	no
主文	no
尉府	no
太醫	no
省官	no
二府	no
臺法	no
朝請	no
虞部	no
昭儀	no
右街	no
侍左	no
祝史	no
文學	no
西院	no
團兵	no
宮省	no
右文	no
留務	no
七寺	no
密府	no
典銓	no
砦主	no
染院	no
司膳	no
孔目	no
北扉	no
小監	no
丞郎	no
斷丞	no
左帑	no
昆腳	no
庾臺	no
主管	no
屯田	no
宣徽	no
場屋	no
撻林	no
史討	no
機密	no
尚酝	no
貂璫	no
布庫	no
學錄	no
書郎	no
府界	no
假侯	no
玉堂	no
貴儀	no
尚食	no
環尹	no
省府	no
直館	no
半刺	no
使相	no
太官	no
鼎司	no
內省	no
節旄	no
石渠	no
三卿	no
當軸	no
措勾	no
儀同	no
西憲	no
退傅	no
軍尉	no
宗司	no
東院	no
醫佐	no
都管	no
廣武	no
散官	no
證義	no
勾院	no
左相	no
孺人	no
國公	no
東衙	no
鴻樞	no
大農	no
學院	no
中樞	no
宦寺	no
節相	no
芸閣	no
府教	no
吳王	no
左符	no
經幄	no
尚令	no
諸直	no
枕被	no
宰司	no
將仕	no
蓬山	no
戶侍	no
監鹽	no
正使	no
宮人	no
書庫	no
縣丞	no
奏院	no
大中	no
馬司	no
節下	no
廣司	no
漕計	no
供御	no
大府	no
皇嗣	no
右學	no
廳從	no
專典	no
司計	no
丞轄	no
敕庫	no
相公	no
詞臣	no
憲部	no
起曹	no
左計	no
輦院	no
殿司	no
儲帥	no
法丞	no
郡庠	no
牧子	no
節帥	no
知砦	no
舘閣	no
典苑	no
賢妃	no
節推	no
直院	no
少師	no
太常	no
監局	no
黃門	no
看班	no
皇子	no
辟雍	no
掌醞	no
戶察	no
節目	no
臺獄	no
左司	no
群頭	no
知寺	no
直司	no
制領	no
效士	no
憲官	no
三式	no
司衣	no
內職	no
儲兩	no
吏部	no
詳穩	no
延恩	no
麟庠	no
膳工	no
邑長	no
寄班	no
陵官	no
秘省	no
酒人	no
察子	no
宗教	no
東司	no
四方	no
軍將	no
統制	no
樂卿	no
鳳掖	no
監簿	no
藻鏡	no
尚輦	no
藥藏	no
侍禁	no
漢王	no
少傅	no
修注	no
國王	no
禿里	no
理曹	no
繕監	no
知郡	no
班官	no
儒將	no
法卿	no
巡警	no
運司	no
左廂	no
許王	no
帥府	no
鐵案	no
碩人	no
里正	no
泥軾	no
西外	no
腳子	no
宣臺	no
齊王	no
星曹	no
棘闈	no
醫人	no
儀案	no
丞事	no
臺司	no
殿中	no
司樂	no
左藏	no
引接	no
縣尉	no
北宅	no
侍宸	no
相溫	no
兩制	no
宦者	no
說書	no
砦官	no
翊善	no
管幹	no
吏書	no
閤職	no
臬寄	no
侍講	no
政府	no
使館	no
郡主	no
本兵	no
差使	no
橫班	no
扈卿	no
南宮	no
考功	no
州鈐	no
書記	no
鼎鼐	no
所由	no
判使	no
員外	no
三學	no
司寶	no
策府	no
順容	no
御女	no
侯邸	no
冢司	no
修儀	no
契丹	no
八座	no
工部	no
知雜	no
醫職	no
架閣	no
明府	no
分野	no
師垣	no
宣司	no
提幹	no
西舘	no
魏王	no
府公	no
延義	no
秋曹	no
粉省	no
局令	no
提點	no
樂正	no
府丞	no
書省	no
剝手	no
作家	no
編修	no
省部	no
職級	no
山場	no
京尹	no
七兵	no
登聞	no
縣廨	no
郡將	no
上界	no
戶部	no
司設	no
兵案	no
左輔	no
中允	no
翰苑	no
將相	no
前邸	no
斥堠	no
侍衛	no
司寢	no
郡臣	no
文館	no
奉議	no
添倅	no
都水	no
北司	no
中軍	no
少卿	no
戶書	no
調鼎	no
斷司	no
估馬	no
糾曹	no
借差	no
計臺	no
國鈞	no
三丞	no
博士	no
大龍	no
監軍	no
寺丞	no
潛龍	no
散秩	no
貴人	no
戶判	no
國邸	no
鑒義	no
亞傅	no
知舉	no
大寺	no
州將	no
監稅	no
檢討	no
高品	no
文妃	no
右轄	no
內帑	no
評廷	no
諫署	no
掌籍	no
農正	no
學官	no
直筆	no
局長	no
宣贊	no
橫榻	no
諮議	no
昭媛	no
藥局	no
掌衣	no
二銓	no
當國	no
軍頭	no
刑郎	no
六職	no
都轄	no
冰鑒	no
賓佐	no
草澤	no
典午	no
省案	no
庶子	no
舞郎	no
獬豸	no
袞鉞	no
王院	no
留邸	no
丞弼	no
炭場	no
供奉	no
中臺	no
四廂	no
司藥	no
輦頭	no
林牙	no
軍司	no
掌闈	no
司理	no
宮官	no
省閣	no
食醫	no
郡佐	no
匠監	no
府守	no
譯館	no
遙團	no
駕曹	no
越王	no
私名	no
左轄	no
冬官	no
賜緋	no
司徒	no
制閫	no
工侍	no
恆王	no
婉容	no
邑佐	no
府尹	no
內侍	no
點檢	no
法局	no
作邑	no
都事	no
明王	no
門衛	no
近習	no
武選	no
國老	no
都丞	no
軍校	no
少尹	no
內彈	no
太子	no
使臣	no
通議	no
執法	no
駝坊	no
典醞	no
兩地	no
帥屬	no
陵令	no
法司	no
典珍	no
文士	no
旄鉞	no
亞師	no
彤史	no
雲韶	no
從事	no
烏臺	no
樂師	no
副將	no
翊衛	no
左螭	no
提轄	no
諫議	no
首參	no
都郎	no
寳直	no
右廂	no
三帥	no
學正	no
儀鸞	no
都堂	no
公孤	no
太保	no
權直	no
三科	no
書鋪	no
拾遺	no
廂官	no
綱掾	no
亞節	no
輦官	no
比部	no
北宮	no
六官	no
臺長	no
車府	no
宮臣	no
司賓	no
右獄	no
鹽司	no
令錄	no
一麾	no
廄置	no
南院	no
同知	no
簽書	no
紅帔	no
判館	no
上公	no
高班	no
兩司	no
學士	no
直龍	no
副隊	no
司教	no
樞莞	no
將帥	no
官院	no
銀青	no
四學	no
承議	no
掌飾	no
宮尹	no
司籍	no
將官	no
祗應	no
俳優	no
女君	no
憑由	no
西府	no
皇司	no
司馭	no
護軍	no
麴案	no
娘子	no
漕屬	no
令史	no
宮僚	no
重事	no
攢司	no
待制	no
車院	no
皇孫	no
鈞容	no
修門	no
駕部	no
檢詳	no
醫局	no
偏裨	no
倅貳	no
丞治	no
祗候	no
兩府	no
貳樞	no
郎曹	no
舶務	no
著棋	no
武憲	no
龍捷	no
泉司	no
耆長	no
水官	no
省副	no
藩閫	no
判閣	no
宰士	no
館主	no
佐郎	no
戎監	no
漕使	no
昭容	no
轉使	no
祠官	no
秘監	no
招撫	no
衙前	no
長諭	no
宰席	no
運勾	no
暖卿	no
國錄	no
儲闈	no
樂長	no
街司	no
帥藩	no
侍從	no
冑案	no
糾司	no
曆算	no
真王	no
地卿	no
內司	no
雉監	no
錢監	no
推吏	no
戎所	no
左獄	no
左街	no
主事	no
采女	no
紫樞	no
內臺	no
虞候	no
曳履	no
麟寺	no
茶司	no
燕王	no
公據	no
大錄	no
直講	no
中官	no
內史	no
軍典	no
臺察	no
士曹	no
參議	no
鳳閣	no
宗諭	no
宋王	no
假守	no
都副	no
承宣	no
館老	no
陵使	no
察推	no
書手	no
主客	no
馬鋪	no
鎮將	no
省鋪	no
衣庫	no
典饎	no
雙宣	no
端尹	no
司辰	no
尹正	no
尉治	no
樞使	no
內弓	no
縣令	no
九列	no
職方	no
計使	no
管庫	no
攔頭	no
宗卿	no
秘府	no
道官	no
典計	no
五路	no
判府	no
北院	no
農扈	no
公主	no
正議	no
大使	no
湯藥	no
職令	no
巨璫	no
邑宰	no
邑令	no
祠曹	no
宣相	no
漕幹	no
總賦	no
守貳	no
典功	no
制垣	no
宮保	no
校理	no
充儀	no
臺府	no
茶庫	no
撫幹	no
上宰	no
崇班	no
店宅	no
右相	no
外臺	no
巡使	no
掌珍	no
都廂	no
胄丞	no
二轄	no
待詔	no
審官	no
監征	no
太皇	no
府史	no
州綱	no
掌藥	no
團練	no
司府	no
鐵騎	no
參政	no
書吏	no
東道	no
宣撫	no
帝保	no
天制	no
樞直	no
參軍	no
閩司	no
宣副	no
路鈐	no
老鳳	no
拔發	no
假龍	no
制副	no
六局	no
元樞	no
司寇	no
喝探	no
司曆	no
推典	no
秘閣	no
臺院	no
南宅	no
軍守	no
典事	no
計司	no
紫宸	no
著作	no
秩宗	no
散員	no
梳篦	no
李官	no
理欠	no
步司	no
講書	no
大內	no
警場	no
酒工	no
平王	no
南道	no
承轄	no
控鶴	no
制置	no
選院	no
水監	no
王傅	no
校書	no
夏卿	no
統軍	no
少農	no
西臺	no
憲臣	no
侍讀	no
翰長	no
御侍	no
勳府	no
太母	no
班荊	no
州院	no
供官	no
典簽	no
女謁	no
銀司	no
三衙	no
司勳	no
諸司	no
相國	no
路分	no
副尉	no
象院	no
提領	no
參預	no
水部	no
押隊	no
室長	no
判銓	no
鹽勾	no
中堂	no
后省	no
內臣	no
王府	no
裏行	no
知堡	no
軍候	no
典言	no
典闈	no
淑儀	no
樞軸	no
邏司	no
貢部	no
赤尉	no
護聖	no
詔使	no
禁林	no
走卿	no
捧日	no
臺主	no
廣勇	no
司贊	no
算學	no
篆文	no
散直	no
東府	no
掌贊	no
監院	no
探頭	no
監郡	no
右丞	no
棘簿	no
義勇	no
左史	no
掌誥	no
惕隱	no
宮傅	no
柱國	no
遙防	no
郎吏	no
直官	no
督議	no
景福	no
掌坐	no
獄子	no
夏官	no
典衣	no
憲臺	no
上舍	no
守倅	no
敞史	no
南臺	no
首廳	no
督府	no
弟子	no
天文	no
修撰	no
兩街	no
佐棘	no
宜人	no
修職	no
上將	no
臺丞	no
皇帝	no
臺省	no
同判	no
機幕	no
俊士	no
直殿	no
皆頭	no
左曹	no
弩直	no
檢院	no
漕節	no
太學	no
道山	no
東宮	no
郡伯	no
通事	no
群牧	no
助教	no
都帥	no
南衙	no
堂吏	no
正監	no
金部	no
四推	no
撫勾	no
茶場	no
法掾	no
知軍	no
州佐	no
北道	no
兵鈐	no
秤子	no
贊讀	no
楷書	no
奉御	no
提舉	no
醫官	no
承旨	no
正奉	no
庾使	no
繡衣	no
曆官	no
縣主	no
師帥	no
使君	no
內品	no
閤使	no
小著	no
南府	no
北丞	no
宰手	no
外催	no
通直	no
撰著	no
編禮	no
于越	no
教官	no
大理	no
尚左	no
都廳	no
九卿	no
典膳	no
掌饎	no
制府	no
掌設	no
贊善	no
族姬	no
守宰	no
監倉	no
司宗	no
親王	no
星履	no
諫院	no
內轄	no
三省	no
鼓司	no
九棘	no
都司	no
幹官	no
邏卒	no
廉察	no
筆受	no
紫垣	no
使者	no
從軍	no
郡符	no
史官	no
都曹	no
秉鈞	no
黃闥	no
元臺	no
外學	no
奏邸	no
撫參	no
陪京	no
長行	no
秘撰	no
東海	no
王宮	no
中散	no
提將	no
觀文	no
正郎	no
春卿	no
掖垣	no
司庾	no
置司	no
佐守	no
皇姪	no
典御	no
胥佐	no
貳丞	no
淑容	no
尚服	no
中壺	no
郡侯	no
色長	no
讞丞	no
泉府	no
教諭	no
外帑	no
帳司	no
禮書	no
未詳	no
銓衡	no
府少	no
步直	no
令尹	no
前省	no
舞師	no
知州	no
少主	no
一障	no
州牧	no
后殿	no
曹官	no
司燈	no
遙刺	no
端殿	no
禮官	no
簽廳	no
司簿	no
尚衣	no
通判	no
將領	no
文部	no
監司	no
補闕	no
戶案	no
史撰	no
倉臺	no
刑察	no
前殿	no
致遠	no
憲銜	no
議幕	no
典賓	no
卿監	no
典燈	no
才人	no
直學	no
新省	no
朝廷	no
錄事	no
諫官	no
判監	no
宗官	no
承受	no
禁班	no
龍衛	no
著佐	no
鹖弁	no
司平	no
郎署	no
統領	no
走馬	no
樂使	no
次府	no
憲將	no
總庾	no
書局	no
貼房	no
諭司	no
大博	no
鈴齋	no
監官	no
農丞	no
柏臺	no
郡邸	no
擘阮	no
史館	no
望郎	no
太尉	no
寶林	no
奎府	no
秘教	no
囯嗣	no
充媛	no
司饎	no
書堂	no
孤保	no
貂蟬	no
周王	no
主帥	no
太守	no
二著	no
金吾	no
元良	no
大夫	no
司士	no
按刑	no
元帥	no
秘書	no
棘司	no
郡副	no
數錢	no
密直	no
大官	no
樞密	no
農部	no
冠豸	no
執政	no
學窠	no
秘局	no
譯園	no
匠員	no
招討	no
右史	no
平水	no
兵團	no
賓客	no
南剋	no
建麾	no
講筵	no
殿撰	no
經制	no
三軍	no
馬官	no
靈臺	no
南廊	no
讀書	no
太傅	no
親邸	no
典設	no
三司	no
戶簉	no
大將	no
士案	no
侍御	no
幕官	no
窯務	no
樞院	no
貢士	no
帥機	no
領衛	no
迪功	no
秋臺	no
樞副	no
宣判	no
佐廳	no
日官	no
集相	no
荊王	no
掌燈	no
掌寶	no
押班	no
詞垣	no
判寺	no
稅院	no
齋長	no
右司	no
帷幄	no
大漕	no
著撰	no
三公	no
右府	no
同管	no
農少	no
揆席	no
料院	no
奉宸	no
判學	no
知監	no
發運	no
密院	no
霜臺	no
集賢	no
琴堂	no
內相	no
府推	no
近侍	no
準遣	no
上臺	no
豎子	no
邇英	no
校尉	no
中殿	no
節判	no
計相	no
臬使	no
專副	no
學生	no
管軍	no
公傅	no
憲使	no
內閣	no
騎案	no
職官	no
留司	no
縣簿	no
中書	no
真宰	no
六軍	no
定王	no
名郎	no
州判	no
宗寺	no
寬衣	no
專城	no
倉部	no
膳部	no
公保	no
諫省	no
國博	no
仆射	no
樞長	no
殿試	no
膳徒	no
揆宰	no
伶官	no
學諭	no
小龍	no
尉察	no
中秘	no
巡撫	no
六事	no
官小	no
判官	no
長官	no
侍中	no
虎翼	no
尉曹	no
縣家	no
僧正	no
宗簿	no
總卿	no
充容	no
皇城	no
督視	no
總司	no
鄉長	no
雞唱	no
譯經	no
秘校	no
宸妃	no
衣徒	no
判院	no
簽樞	no
帥垣	no
曆家	no
首曹	no
國相	no
部將	no
筦庫	no
司圊	no
諭德	no
省試	no
尚儀	no
武部	no
黃閤	no
制司	no
殿使	no
天武	no
蘭臺	no
班直	no
都省	no
典簿	no
榷貨	no
庾司	no
職司	no
浙憲	no
把麾	no
僕射	no
宣奉	no
支使	no
國子	no
四總	no
國帑	no
司飾	no
宣教	no
使司	no
右省	no
宮師	no
外祠	no
藥童	no
大宗	no
大王	no
末相	no
知管	no
軍院	no
殿省	no
神舘	no
戎司	no
漕幕	no
閹人	no
少府	no
將作	no
輸挽	no
選底	no
指使	no
梁王	no
圻父	no
司言	no
正率	no
館閣	no
檢正	no
引舞	no
宮教	no
宰相	no
監班	no
東閤	no
帝幕	no
諸班	no
宮院	no
粉署	no
士師	no
郡王	no
健康	no
司闈	no
揆相	no
六書	no
鰲峰	no
貼司	no
刺史	no
司直	no
兵侍	no
史君	no
天臺	no
掌儀	no
司戶	no
雜端	no
牙人	no
從政	no
西閣	no
外監	no
承務	no
錄參	no
刺部	no
前行	no
宰府	no
賣場	no
太中	no
副密	no
藩垣	no
專攔	no
司苑	no
翰林	no
舶監	no
少匠	no
廣場	no
侍右	no
門官	no
主泮	no
資政	no
刑部	no
尚舍	no
武諭	no
宰字	no
司農	no
禁庖	no
監長	no
紅藥	no
書奏	no
儲副	no
北倅	no
武監	no
資尹	no
赤令	no
龍學	no
秘丞	no
六察	no
廟堂	no
廳子	no
尹京	no
議官	no
府牧	no
司綵	no
簾中	no
兵察	no
環衛	no
簿書	no
省主	no
運使	no
邦君	no
分司	no
天獄	no
中令	no
吏侍	no
藥工	no
亞妃	no
丞雜	no
典寶	no
太僕	no
右部	no
樞省	no
德妃	no
典樂	no
三孤	no
左丞	no
巡轄	no
萬全	no
儲君	no
行者	no
密使	no
通奉	no
部使	no
三字	no
提學	no
韓王	no
御藥	no
臺史	no
修省	no
州麾	no
醫獸	no
僧統	no
兵部	no
殿直	no
牙司	no
三班	no
宦官	no
兵防	no
登庸	no
都巡	no
奉職	no
司正	no
兩院	no
擁麾	no
宣義	no
睡卿	no
轄官	no
知宗	no
潞王	no
內制	no
鄴王	no
省長	no
司業	no
起居	no
奉禮	no
儲僚	no
憲車	no
公師	no
詹事	no
榷務	no
宗伯	no
謁者	no
大卿	no
赤丞	no
病坊	no
職醫	no
直長	no
揣子	no
勾當	no
漕司	no
勾押	no
外舍	no
臺官	no
忠佐	no
督軍	no
宣德	no
司仆	no
八坐	no
觀察	no
右揆	no
郵傳	no
大參	no
相撲	no
管勾	no
方伯	no
都護	no
閹尹	no
宮端	no
西上	no
賓幕	no
郵置	no
少列	no
軺車	no
刑中	no
椒房	no
分察	no
作院	no
軍主	no
司天	no
綸省	no
小長	no
東省	no
臺直	no
郎君	no
聖人	no
隨龍	no
北坊	no
判部	no
掌計	no
省司	no
司記	no
舞頭	no
家令	no
隋王	no
司製	no
後司	no
安撫	no
容臺	no
少蓬	no
總所	no
御廚	no
頭領	no
親衛	no
豸官	no
醫工	no
設案	no
寺官	no
鈴下	no
大帥	no
率更	no
中丞	no
潤官	no
令人	no
尚宮	no
掌賓	no
宗正	no
正字	no
孤棘	no
庫子	no
左仗	no
軍器	no
郎將	no
集正	no
門司	no
丞貳	no
田寺	no
副監	no
縣宰	no
倅廳	no
師長	no
館職	no
殿頭	no
扈寺	no
左民	no
司儀	no
鹽鉄	no
嗣王	no
仆臣	no
典輿	no
亞相	no
小選	no
知城	no
内助	no
共工	no
閣學	no
諫長	no
尚父	no
食手	no
六部	no
廷評	no
使院	no
宮學	no
三少	no
茶案	no
京推	no
右計	no
宰執	no
廂使	no
奎文	no
院長	no
巡鋪	no
尊長	no
日騎	no
學長	no
樞閫	no
五監	no
省遞	no
門下	no
推官	no
齋諭	no
支度	no
小儀	no
南司	no
太府	no
斗秤	no
行在	no
宗丞	no
儲宮	no
掌綵	no
糧料	no
中使	no
元妃	no
貴妃	no
内教	no
西省	no
前司	no
獸醫	no
局丞	no
趙王	no
外彈	no
朝奉	no
綱轄	no
外制	no
三監	no
隊帥	no
太妃	no
蓬萊	no
憲府	no
副率	no
縣司	no
隊將	no
中憲	no
手分	no
雜職	no
淮西	no
夔龍	no
上相	no
讀官	no
恭人	no
御營	no
虞衡	no
監門	no
次輔	no
經帥	no
承流	no
典仗	no
經撫	no
黃扉	no
大宣	no
宥密	no
寧王	no
計廷	no
端公	no
臺憲	no
副司	no
南坊	no
司政	no
瀛洲	no
總領	no
郡馬	no
三師	no
祠部	no
樂府	no
借職	no
斷官	no
留後	no
郎佐	no
次相	no
副使	no
農卿	no
蜀王	no
習學	no
部頭	no
胄監	no
掖署	no
押更	no
部轄	no
右仗	no
步帥	no
簿治	no
芸省	no
大璫	no
都署	no
常侍	no
天府	no
地官	no
秦王	no
轉司	no
樞庭	no
中省	no
象所	no
軍使	no
都公	no
戶曹	no
運管	no
小宰	no
審計	no
衛官	no
倉使	no
部署	no
掌故	no
柱史	no
副知	no
春坊	no
推司	no
鸞臺	no
主爵	no
知閤	no
西司	no
別駕	no
掌事	no
製撰	no
京庠	no
資殿	no
版部	no
院使	no
三銓	no
後省	no
紫微	no
御醫	no
詳覆	no
大學	no
尚藥	no
經略	no
押官	no
首相	no
右推	no
端明	no
臺輔	no
員郎	no
廷尉	no
提勾	no
通州	no
省郎	no
登仕	no
經司	no
漕吏	no
遞鋪	no
鸞輿	no
御史	no
宮賓	no
小天	no
物務	no
大晟	no
尉司	no
內祠	no
二丞	no
亞保	no
三使	no
西掖	no
太監	no
宮贊	no
舘下	no
司空	no
元宰	no
國正	no
國信	no
言事	no
備軍	no
發副	no
統帥	no
東臺	no
計省	no
留守	no
南宋	no
督參	no
律學	no
判局	no
上庠	no
察訪	no
娘娘	no
背印	no
宣機	no
母后	no
左選	no
殿帥	no
正供	no
棘寺	no
郡丞	no
醫童	no
典隸	no
邑廨	no
首座	no
廂坊	no
神衛	no
直門	no
帝姬	no
侍書	no
箔場	no
廂巡	no
朝散	no
僧司	no
承守	no
廉訪	no
幹辦	no
右列	no
帝傅	no
儀曹	no
宰路	no
司諫	no
時相	no
橫行	no
麟臺	no
吐里	no
帥守	no
騎省	no
轉漕	no
奇兵	no
太祝	no
大資	no
國庠	no
大監	no
三院	no
客省	no
奎畫	no
少監	no
提舶	no
緊官	no
長史	no
屯衛	no
節使	no
邑丞	no
司醞	no
南曹	no
北剋	no
閣長	no
閤門	no
胥長	no
押捕	no
掌簿	no
糾察	no
三相	no
都官	no
幕職	no
大匠	no
衛尉	no
經筵	no
兵書	no
珥筆	no
內藏	no
運判	no
都統	no
淑人	no
將校	no
軍防	no
都隸	no
楚王	no
太宰	no
都大	no
西班	no
正言	no
婉儀	no
知關	no
兵曹	no
冷撰	no
爭臣	no
兩省	no
漕臣	no
局生	no
倅	no加地名在前或后
簿	no加地名在前或后
宰	no加地名在前或后
令	no加地名在前或后
掾	no
漕	no
丞	no
