Aboriginal Tribal Lands	ns
宋代節度(地區未詳)	ns
華北平原/中原	ns
大萬谷樂羈縻州	ns
劍南東川節度	ns
山南東道節度	ns
河陽三城節度	ns
宋代封國封郡	ns
山南西道節度	ns
濱州海岸海水	ns
平州海岸海水	ns
太平軍軍節度	ns
泰州海岸海水	ns
海州海岸海水	ns
楚州海岸海水	ns
威武軍節度	ns
鎮南軍節度	ns
昭信軍節度	ns
泰寧軍節度	ns
天平軍節度	ns
定武軍節度	ns
慶遠軍節度	ns
保定軍節度	ns
鎮東軍節度	ns
寧武軍節度	ns
忠武軍節度	ns
護國軍節度	ns
保平軍節度	ns
鳳翔軍節度	ns
昭武軍節度	ns
安遠軍節度	ns
保大軍節度	ns
保康軍節度	ns
彰化軍節度	ns
平海軍節度	ns
振武軍節度	ns
武康軍節度	ns
寧國軍節度	ns
靜江軍節度	ns
雄武軍節度	ns
武安軍節度	ns
兩浙東北路	ns
安化軍節度	ns
鎮國軍節度	ns
保信軍節度	ns
昭德軍節度	ns
武泰軍節度	ns
定國軍節度	ns
平江軍節度	ns
寧海軍節度	ns
建雄軍節度	ns
建武軍節度	ns
昭慶軍節度	ns
和武羈縻州	ns
彰信軍節度	ns
彰德軍節度	ns
南州羈縻州	ns
合江羈縻州	ns
歸順羈縻州	ns
安化羈縻州	ns
南平羈縻州	ns
羅嵩羈縻州	ns
南寧羈縻州	ns
保靜軍節度	ns
陳蒙羈縻州	ns
普寧羈縻州	ns
西山野山部	ns
下溪羈縻州	ns
保靜羈縻州	ns
永順羈縻州	ns
保順羈縻州	ns
高江羈縻州	ns
成德軍節度	ns
建寧軍節度	ns
鎮西軍節度	ns
鎮安軍節度	ns
彰武軍節度	ns
安德軍節度	ns
忠正軍節度	ns
安國軍節度	ns
永興軍節度	ns
靜難軍節度	ns
嚮德軍節度	ns
寧遠軍節度	ns
武勝軍節度	ns
歸德軍節度	ns
興德軍節度	ns
武信軍節度	ns
武寧軍節度	ns
感德軍節度	ns
奉國軍節度	ns
天雄軍節度	ns
保寧軍節度	ns
保順軍節度	ns
常德軍節度	ns
靜海軍節度	ns
瀘川軍節度	ns
奉寧軍節度	ns
臨海軍節度	ns
興國軍節度	ns
興寧軍節度	ns
鎮寧軍節度	ns
鎮武軍節度	ns
鎮洮軍節度	ns
陜府軍節度	ns
陸海軍節度	ns
雄遠軍節度	ns
集慶軍節度	ns
雲南軍節度	ns
雲安軍節度	ns
靖江軍節度	ns
靜安軍節度	ns
順昌軍節度	ns
安武軍節度	ns
瀛海軍節度	ns
江寧軍節度	ns
南平軍節度	ns
歸義軍節度	ns
安慶軍節度	ns
安州軍節度	ns
威德軍節度	ns
山南軍節度	ns
崇寧軍節度	ns
川昌軍節度	ns
平廬軍節度	ns
廣海軍節度	ns
天德軍節度	ns
向德軍節度	ns
右德軍節度	ns
廣濟軍節度	ns
梁山軍節度	ns
武威軍節度	ns
武定軍節度	ns
武平軍節度	ns
武清軍節度	ns
思剛羈縻州	ns
寧江軍節度	ns
建康軍節度	ns
越州軍節度	ns
鎮潼軍節度	ns
武昌軍節度	ns
定江軍節度	ns
大同軍節度	ns
昭化軍節度	ns
武當軍節度	ns
清海軍節度	ns
德慶軍節度	ns
清遠軍節度	ns
芝忻羈縻州	ns
平凉軍節度	ns
鎮江軍節度	ns
淮南軍節度	ns
河南軍節度	ns
靖海軍節度	ns
永安軍節度	ns
保慶軍節度	ns
歸恩羈縻州	ns
武成軍節度	ns
兩浙西南路	ns
淮康軍節度	ns
南安軍節度	ns
保靖軍節度	ns
義武軍節度	ns
崇信軍節度	ns
保義軍節度	ns
保成軍節度	ns
嶺南軍節度	ns
橫海軍節度	ns
秬羈縻州	ns
功羈縻州	ns
蔣羈縻州	ns
江南西路	ns
兩林邛部	ns
蠻羈縻州	ns
荊湖南路	ns
洋羈縻州	ns
充羈縻州	ns
馬湖江部	ns
荊湖北路	ns
順羈縻州	ns
富羈縻州	ns
渭羈縻州	ns
河北東路	ns
溶羈縻州	ns
成都府路	ns
潼川府路	ns
高陽關路	ns
河北西路	ns
紆羈縻州	ns
陝西永興	ns
兩浙東路	ns
陝西陝西	ns
陝西秦風	ns
陝西涇原	ns
陝西環慶	ns
陝西鹿延	ns
陝西河南	ns
陝西河北	ns
吐蕃諸部	ns
南羈縻州	ns
燕山府路	ns
大名府路	ns
智羈縻州	ns
候羈縻州	ns
環羈縻州	ns
廣南西路	ns
真定府路	ns
溱羈縻州	ns
夷羈縻州	ns
古羈縻州	ns
鶴羈縻州	ns
安羈縻州	ns
牂羈縻州	ns
鄉羈縻州	ns
邦羈縻州	ns
莊羈縻州	ns
犍羈縻州	ns
江南東路	ns
廣南東路	ns
淮南東路	ns
京東東路	ns
海清節度	ns
江陵節度	ns
桂州節度	ns
宣城節度	ns
陝州節度	ns
京西北路	ns
黔州節度	ns
益州節度	ns
建州節度	ns
淮南西路	ns
荊南節度	ns
兩浙西路	ns
京東西路	ns
河東節度	ns
京西南路	ns
襄陽府路	ns
定羌軍	ns
火山軍	ns
寧化軍	ns
岢嵐軍	ns
保德軍	ns
順化軍	ns
大通監	ns
平晉軍	ns
威勝軍	ns
淮安軍	ns
招信軍	ns
盱貽軍	ns
天長軍	ns
寶應州	ns
安東州	ns
漣水軍	ns
高郵軍	ns
建安軍	ns
肇慶府	ns
淮南路	ns
歸化州	ns
奉聖州	ns
雲中府	ns
雲中路	ns
晉寧軍	ns
靜樂軍	ns
慶祚軍	ns
交城監	ns
平定軍	ns
重慶府	ns
平陽府	ns
崇安場	ns
廣南路	ns
興化軍	ns
堡川城	ns
邵武軍	ns
武平場	ns
上杭場	ns
鎮戎軍	ns
南劍州	ns
德順軍	ns
通遠軍	ns
西寧州	ns
積石州	ns
震武軍	ns
建寧府	ns
隆德府	ns
福建路	ns
懷德軍	ns
遵義軍	ns
大寧監	ns
播川城	ns
南平軍	ns
梁山軍	ns
雲安軍	ns
西安州	ns
河東路	ns
紹慶府	ns
咸淳府	ns
太原府	ns
務川城	ns
劍門關	ns
夔州路	ns
桂陽軍	ns
臨江軍	ns
建武軍	ns
建昌軍	ns
荊湖路	ns
嘉興府	ns
寶慶府	ns
桂陽監	ns
茶陵軍	ns
江陰軍	ns
武岡軍	ns
鎮江府	ns
江陵府	ns
德安府	ns
常德府	ns
平江府	ns
臨安府	ns
南安軍	ns
興國軍	ns
永興軍	ns
隆興府	ns
衣錦軍	ns
紹興府	ns
慶元府	ns
瑞安府	ns
江南路	ns
建德府	ns
江寧府	ns
建康府	ns
寧國府	ns
雄遠軍	ns
平江軍	ns
太平州	ns
南康軍	ns
廣德軍	ns
安吉州	ns
兩浙路	ns
懷遠軍	ns
六安軍	ns
樂共城	ns
羅氏部	ns
南廣部	ns
石門路	ns
懷安軍	ns
廣安軍	ns
富順監	ns
富義監	ns
長寧軍	ns
利州路	ns
興元府	ns
隆慶府	ns
大安軍	ns
同慶府	ns
天水軍	ns
西和州	ns
淯井監	ns
遂寧府	ns
鎮巢軍	ns
淮安州	ns
無為軍	ns
安慶府	ns
安豐軍	ns
渠陽寨	ns
渠陽軍	ns
荊門軍	ns
公安軍	ns
漢陽軍	ns
龍陽軍	ns
西川路	ns
益州路	ns
壽春府	ns
清河軍	ns
永康軍	ns
梓州路	ns
西海州	ns
昌元郡	ns
德慶府	ns
南恩州	ns
普寧郡	ns
景安郡	ns
會稽郡	ns
東平郡	ns
東陽郡	ns
樂平郡	ns
樂陵郡	ns
武威郡	ns
武寧郡	ns
武陵郡	ns
永壽郡	ns
永康郡	ns
永昌郡	ns
永陽郡	ns
汝南郡	ns
河東郡	ns
河閒郡	ns
河間郡	ns
河陽郡	ns
泰寧郡	ns
洋川郡	ns
晉康郡	ns
昌化郡	ns
新平郡	ns
崇德郡	ns
太山郡	ns
始平郡	ns
安化郡	ns
安唐郡	ns
安樂郡	ns
定襄郡	ns
宜春郡	ns
宣城郡	ns
封魯郡	ns
常山郡	ns
房陵郡	ns
平昌郡	ns
平陽郡	ns
廣平郡	ns
廣陵郡	ns
廣陽郡	ns
廬陵郡	ns
延安郡	ns
彭城郡	ns
思平郡	ns
淮安郡	ns
淮陽郡	ns
淳安郡	ns
鴈門郡	ns
遂寧郡	ns
鄱陽郡	ns
長安郡	ns
隴右郡	ns
饒陽郡	ns
馮翊郡	ns
高密郡	ns
高平郡	ns
高陽郡	ns
梓夔路	ns
通義郡	ns
靈環路	ns
兩淮路	ns
潁昌府	ns
成都府	ns
永安軍	ns
潼川府	ns
儀真郡	ns
南儀州	ns
零陵郡	ns
進封郡	ns
贈文郡	ns
清原郡	ns
犍為郡	ns
清江郡	ns
清源郡	ns
渤海郡	ns
滎陽郡	ns
潁川郡	ns
潁州郡	ns
濟陰郡	ns
濠梁郡	ns
濮陽郡	ns
瑯琊郡	ns
贈康郡	ns
縉雲郡	ns
臨川郡	ns
臨沂郡	ns
臨海郡	ns
華原郡	ns
華陰郡	ns
蘄春郡	ns
襄陽郡	ns
豫章郡	ns
太寧郡	ns
天水郡	ns
壽沙郡	ns
長沙郡	ns
周漢國	ns
周晉國	ns
文安郡	ns
琅琊郡	ns
太原郡	ns
長清郡	ns
平原郡	ns
京兆郡	ns
東海郡	ns
永嘉郡	ns
水洛城	ns
河内郡	ns
新安郡	ns
隴西郡	ns
南平郡	ns
交趾郡	ns
建安郡	ns
永安郡	ns
大寧郡	ns
東萊郡	ns
福安縣	ns
永平監	ns
長樂郡	ns
萬安州	ns
南雄州	ns
英德府	ns
靜江府	ns
右江道	ns
左江道	ns
慶遠府	ns
鬱林州	ns
太平軍	ns
昌化軍	ns
萬安軍	ns
慶成軍	ns
朱崖軍	ns
吉陽軍	ns
南義州	ns
思唐州	ns
思明州	ns
常樂州	ns
特磨道	ns
海口鎮	ns
定州路	ns
奉化郡	ns
漢東郡	ns
咸義郡	ns
南海郡	ns
安康郡	ns
興平郡	ns
上谷郡	ns
上饒郡	ns
丹陽郡	ns
仁壽郡	ns
信都郡	ns
北海郡	ns
南康郡	ns
南陽郡	ns
安定郡	ns
博陵郡	ns
原武郡	ns
合沙郡	ns
同安郡	ns
吳國郡	ns
和政郡	ns
和義郡	ns
咸安郡	ns
咸寧郡	ns
金鄉郡	ns
永寧郡	ns
信安郡	ns
齊安郡	ns
平樂郡	ns
壽春郡	ns
武陽郡	ns
河南郡	ns
江陵郡	ns
清河郡	ns
陳留郡	ns
懷德郡	ns
普安郡	ns
吳興郡	ns
新興郡	ns
嘉興郡	ns
伏羌城	ns
德陽郡	ns
博平郡	ns
濟陽郡	ns
樂安郡	ns
江夏郡	ns
鉅鹿郡	ns
恩平郡	ns
甘谷城	ns
開封府	ns
應天府	ns
河北道	ns
秦鳳路	ns
廣濟軍	ns
永靜軍	ns
鳳翔府	ns
乾寧軍	ns
乾寧鎮	ns
信安軍	ns
保定軍	ns
保安軍	ns
真定府	ns
開德府	ns
大名府	ns
米脂寨	ns
義合寨	ns
浮圖寨	ns
河間府	ns
燕山府	ns
京西路	ns
青澗城	ns
襄陽府	ns
順安寨	ns
京東路	ns
綏平寨	ns
永寧軍	ns
綏德城	ns
廣信軍	ns
定邊軍	ns
順安軍	ns
永興路	ns
通利軍	ns
京兆府	ns
安肅軍	ns
銀川城	ns
河北路	ns
陝西路	ns
穎昌府	ns
淮陽軍	ns
河中府	ns
信德府	ns
襲慶府	ns
東平府	ns
中山州	ns
慶源府	ns
淮寧府	ns
濟南府	ns
順昌府	ns
延安府	ns
慶陽府	ns
京畿路	ns
河南府	ns
信陽軍	ns
懷寧寨	ns
興仁府	ns
克戎寨	ns
光化軍	ns
琅琊	ns
辨州	ns
化州	ns
象縣	ns
嶺方	ns
平恩	ns
洛漕	ns
石龍	ns
嶺山	ns
龍城	ns
洛容	ns
吳川	ns
馬平	ns
宜州	ns
樂山	ns
從化	ns
思恩	ns
束鹿	ns
柳州	ns
曲周	ns
深州	ns
賓州	ns
永定	ns
寧浦	ns
宜山	ns
忻城	ns
遷江	ns
橫州	ns
靜安	ns
保城	ns
雞澤	ns
麟遊	ns
潮水	ns
昭州	ns
懷遠	ns
武陽	ns
羅城	ns
融水	ns
融州	ns
武仙	ns
來賓	ns
武化	ns
陽壽	ns
象州	ns
安平	ns
上林	ns
饒陽	ns
武強	ns
晉興	ns
如和	ns
思籠	ns
封陵	ns
郎寧	ns
武緣	ns
宣化	ns
邕州	ns
渭龍	ns
欣道	ns
陸川	ns
北流	ns
普寧	ns
天河	ns
平樂	ns
義山	ns
立山	ns
懷澤	ns
鬱林	ns
貴州	ns
大賓	ns
皇化	ns
桂平	ns
潯州	ns
陽川	ns
陵羅	ns
武林	ns
武郎	ns
平南	ns
龔州	ns
寧風	ns
義昌	ns
感義	ns
岑溪	ns
鐔津	ns
藤州	ns
孟陵	ns
戎城	ns
蒼梧	ns
梧州	ns
永平	ns
恭城	ns
昭平	ns
龍平	ns
隋建	ns
博白	ns
龍化	ns
衛州	ns
信義	ns
竇州	ns
南邑	ns
潘水	ns
潘州	ns
零祿	ns
幹水	ns
廉江	ns
羅州	ns
靈竹	ns
武羅	ns
蠻州	ns
修武	ns
連城	ns
羅辨	ns
永業	ns
汲縣	ns
東區	ns
蒙山	ns
正義	ns
蒙州	ns
思懃	ns
馬江	ns
富州	ns
賀水	ns
止戈	ns
無虞	ns
澄州	ns
懷德	ns
潭峨	ns
特亮	ns
牢州	ns
湖廣	ns
四川	ns
峽路	ns
龍岡	ns
沙河	ns
鉅鹿	ns
平鄉	ns
內邱	ns
堯山	ns
南和	ns
任縣	ns
西夏	ns
懷州	ns
大理	ns
河內	ns
自杞	ns
南丹	ns
觀州	ns
鹽場	ns
武陟	ns
懷義	ns
容山	ns
善牢	ns
撫康	ns
黨州	ns
巖川	ns
定川	ns
陵城	ns
扶萊	ns
峨石	ns
大廉	ns
封山	ns
石康	ns
合浦	ns
永年	ns
廉州	ns
興德	ns
鬱平	ns
興業	ns
南流	ns
肥鄉	ns
內亭	ns
欽江	ns
安京	ns
保京	ns
靈山	ns
欽州	ns
周羅	ns
慕化	ns
白州	ns
徐聞	ns
遂溪	ns
海康	ns
雷州	ns
良德	ns
茂名	ns
電白	ns
高州	ns
蔡龍	ns
瓊州	ns
禺州	ns
瓊山	ns
龍豪	ns
南河	ns
溫水	ns
羅繡	ns
阿林	ns
常林	ns
繡州	ns
溥州	ns
新鄉	ns
獲嘉	ns
崖州	ns
振州	ns
共城	ns
黎陽	ns
義倫	ns
洺州	ns
儋州	ns
吉陽	ns
陵水	ns
萬寧	ns
感恩	ns
宜倫	ns
舍城	ns
樂會	ns
臨高	ns
文昌	ns
澄邁	ns
容州	ns
陽春	ns
古縣	ns
帶水	ns
保軍	ns
文貴	ns
光榮	ns
羅殿	ns
夜郎	ns
溱溪	ns
溱州	ns
洋川	ns
寧夷	ns
義泉	ns
都上	ns
琅川	ns
播川	ns
閩縣	ns
播州	ns
邛水	ns
安夷	ns
務川	ns
思州	ns
綏陽	ns
樂源	ns
珍州	ns
高陽	ns
梁山	ns
安義	ns
福州	ns
侯官	ns
理定	ns
建陽	ns
高邑	ns
永春	ns
惠安	ns
同安	ns
晉江	ns
泉州	ns
松溪	ns
政和	ns
關隸	ns
崇安	ns
贊皇	ns
浦城	ns
甌寧	ns
福清	ns
建安	ns
柏鄉	ns
建州	ns
寧德	ns
羅源	ns
永貞	ns
閩清	ns
永福	ns
長樂	ns
古田	ns
連江	ns
長溪	ns
雲安	ns
濬州	ns
南川	ns
涿州	ns
施州	ns
達州	ns
昌平	ns
良鄉	ns
潞縣	ns
安次	ns
永清	ns
武清	ns
香河	ns
玉河	ns
漷陰	ns
廣寧	ns
范陽	ns
南平	ns
歸義	ns
固安	ns
新城	ns
檀州	ns
密雲	ns
平州	ns
盧龍	ns
石城	ns
馬城	ns
易水	ns
營州	ns
柳城	ns
建始	ns
忠州	ns
宛平	ns
臨江	ns
壁山	ns
江津	ns
巴縣	ns
析津	ns
恭州	ns
渝州	ns
溫山	ns
隆化	ns
賓化	ns
枳縣	ns
武龍	ns
樂溫	ns
涪陵	ns
涪州	ns
新浦	ns
萬歲	ns
開江	ns
開州	ns
南浦	ns
萬州	ns
龍渠	ns
南賓	ns
酆都	ns
桂溪	ns
墊江	ns
劍浦	ns
尤溪	ns
沙縣	ns
蒲陰	ns
滇昌	ns
武安	ns
梅州	ns
杜陵	ns
恩平	ns
陽江	ns
祁州	ns
都城	ns
晉康	ns
悅城	ns
瀧水	ns
端溪	ns
康州	ns
桂嶺	ns
永順	ns
新興	ns
新州	ns
平興	ns
高要	ns
鼓城	ns
端州	ns
開建	ns
封川	ns
封州	ns
馮乘	ns
封陽	ns
英州	ns
邯鄲	ns
滇陽	ns
惠州	ns
修仁	ns
豐水	ns
荔浦	ns
陽朔	ns
靈川	ns
興安	ns
全義	ns
臨桂	ns
磁州	ns
桂州	ns
釜陽	ns
富林	ns
勤州	ns
流南	ns
羅水	ns
北平	ns
春州	ns
鎮南	ns
建水	ns
開陽	ns
瀧州	ns
海豐	ns
博羅	ns
河源	ns
歸善	ns
蕩山	ns
富川	ns
順昌	ns
光澤	ns
懷集	ns
增城	ns
清遠	ns
番禺	ns
南海	ns
廣州	ns
深澤	ns
趙州	ns
仙遊	ns
莆田	ns
泰寧	ns
歸化	ns
邵武	ns
臨賀	ns
平棘	ns
長泰	ns
龍巖	ns
漳浦	ns
龍溪	ns
漳州	ns
武平	ns
寧晉	ns
上杭	ns
臨城	ns
長汀	ns
汀州	ns
東莞	ns
新會	ns
義寧	ns
常康	ns
賀州	ns
含光	ns
連山	ns
陽山	ns
連州	ns
程鄉	ns
潮陽	ns
揭陽	ns
海陽	ns
潮州	ns
雷鄉	ns
龍川	ns
循州	ns
始興	ns
乳源	ns
仁化	ns
樂昌	ns
建福	ns
翁源	ns
曲江	ns
韶州	ns
含洭	ns
蒙化	ns
四會	ns
洊水	ns
邢州	ns
韓國	ns
新樂	ns
單州	ns
鄒縣	ns
徐州	ns
彭城	ns
沛縣	ns
蕭縣	ns
滕縣	ns
豐縣	ns
濟州	ns
鉅野	ns
任城	ns
金鄉	ns
鄆城	ns
單父	ns
應山	ns
碭山	ns
成武	ns
魚臺	ns
濮州	ns
甄城	ns
雷澤	ns
臨濮	ns
范縣	ns
安州	ns
安陸	ns
雲夢	ns
應城	ns
萊蕪	ns
仙源	ns
龔縣	ns
龔邱	ns
淄州	ns
淄川	ns
長山	ns
鄒平	ns
高苑	ns
下邳	ns
宿遷	ns
齊州	ns
歷城	ns
禹城	ns
長清	ns
臨邑	ns
章邱	ns
鄆州	ns
須城	ns
陽穀	ns
中都	ns
東阿	ns
壽張	ns
平陰	ns
兗州	ns
瑕邱	ns
瑕縣	ns
奉符	ns
泗水	ns
孝感	ns
襄州	ns
永寧	ns
比陽	ns
房州	ns
房陵	ns
竹山	ns
均州	ns
武當	ns
鄖鄉	ns
郢州	ns
長壽	ns
京山	ns
唐州	ns
泌陽	ns
湖陽	ns
清郡	ns
襄陽	ns
桐柏	ns
方城	ns
洛陽	ns
河南	ns
永安	ns
偃師	ns
鞏縣	ns
登封	ns
穎陽	ns
密縣	ns
新安	ns
澠池	ns
石泉	ns
漢陰	ns
洵陽	ns
虢郡	ns
光化	ns
鄧城	ns
穀城	ns
趙郡	ns
宜城	ns
魯郡	ns
魏郡	ns
中廬	ns
南漳	ns
鄧州	ns
穰縣	ns
南陽	ns
內鄉	ns
淅川	ns
順陽	ns
郡郡	ns
隨州	ns
隨縣	ns
唐城	ns
棗陽	ns
金州	ns
西城	ns
譙郡	ns
平利	ns
蜀郡	ns
昌樂	ns
昌邑	ns
北海	ns
西華	ns
宛句	ns
乘氏	ns
南華	ns
鄭州	ns
榮陽	ns
原武	ns
榮澤	ns
陳州	ns
宛邱	ns
項城	ns
商水	ns
南頓	ns
澶州	ns
濰州	ns
濮陽	ns
觀城	ns
隆州	ns
保州	ns
潁州	ns
臨河	ns
清豐	ns
衛南	ns
香山	ns
封丘	ns
雍丘	ns
陝縣	ns
濟陰	ns
曹州	ns
楚丘	ns
柘城	ns
浚儀	ns
祥符	ns
尉氏	ns
陳留	ns
雍邱	ns
封邱	ns
中牟	ns
陽武	ns
酸棗	ns
長垣	ns
東明	ns
襄邑	ns
扶溝	ns
鄢陵	ns
考城	ns
太康	ns
咸平	ns
延津	ns
管城	ns
新鄭	ns
白馬	ns
韋城	ns
昨城	ns
拱州	ns
寧陵	ns
阜城	ns
通明	ns
衛縣	ns
壽光	ns
博興	ns
千乘	ns
臨淄	ns
密州	ns
諸城	ns
安邱	ns
莒縣	ns
高密	ns
膠西	ns
沂州	ns
臨沂	ns
承縣	ns
沂水	ns
費縣	ns
新泰	ns
登州	ns
蓬萊	ns
黃縣	ns
牟平	ns
文登	ns
萊州	ns
掖縣	ns
萊陽	ns
膠水	ns
即墨	ns
臨朐	ns
淮北	ns
章丘	ns
益都	ns
潁陽	ns
滎陽	ns
滎澤	ns
朝城	ns
東鄉	ns
東光	ns
成安	ns
廣都	ns
將陵	ns
將樂	ns
富順	ns
宛丘	ns
定陶	ns
大名	ns
博野	ns
冤句	ns
內丘	ns
僰道	ns
任丘	ns
乾德	ns
南樂	ns
山東	ns
廣南	ns
江南	ns
青州	ns
永郡	ns
長水	ns
望都	ns
和國	ns
房國	ns
循國	ns
徐國	ns
建國	ns
尹國	ns
封國	ns
密國	ns
定國	ns
婺國	ns
夏國	ns
壽國	ns
商國	ns
光國	ns
康國	ns
儀國	ns
代國	ns
鄆國	ns
譙國	ns
鄧國	ns
郇國	ns
陳國	ns
鎮國	ns
相國	ns
慶國	ns
均國	ns
唐國	ns
揚國	ns
景國	ns
曹國	ns
杞國	ns
賀國	ns
豐國	ns
褒國	ns
虢國	ns
蕭國	ns
蔣國	ns
華國	ns
茂國	ns
翼國	ns
義國	ns
秀國	ns
祈國	ns
瀛國	ns
濮國	ns
濟國	ns
潭國	ns
潤國	ns
潁國	ns
淑國	ns
涇國	ns
洛國	ns
洋國	ns
沛國	ns
求國	ns
梁國	ns
澶國	ns
成國	ns
壽安	ns
晉國	ns
沂國	ns
蜀國	ns
魏國	ns
兗國	ns
漢國	ns
岐國	ns
冀國	ns
魯國	ns
信寧	ns
英國	ns
萊國	ns
燕國	ns
崇國	ns
忠國	ns
安陽	ns
蕩陰	ns
臨漳	ns
林慮	ns
永和	ns
永國	ns
定州	ns
安喜	ns
九隴	ns
無極	ns
曲陽	ns
唐縣	ns
周國	ns
衛國	ns
齊國	ns
惠國	ns
滕國	ns
蔡國	ns
宣國	ns
袁國	ns
鄭國	ns
許國	ns
嘉國	ns
舒國	ns
襄國	ns
吳國	ns
楚國	ns
益國	ns
廣國	ns
祁國	ns
莒國	ns
吉國	ns
申國	ns
秦國	ns
榮國	ns
越國	ns
溫國	ns
荊國	ns
福國	ns
潞國	ns
信國	ns
資國	ns
通國	ns
遂國	ns
滄州	ns
梁縣	ns
襄城	ns
葉縣	ns
郟城	ns
魯山	ns
龍興	ns
寶豐	ns
易州	ns
易縣	ns
滿城	ns
淶水	ns
遂城	ns
清池	ns
邠國	ns
無棣	ns
鹽山	ns
樂陵	ns
南皮	ns
冀州	ns
信都	ns
蓨縣	ns
吳郡	ns
南宮	ns
棗強	ns
武邑	ns
衡水	ns
汝州	ns
沈丘	ns
穎上	ns
萬壽	ns
福昌	ns
伊陽	ns
河清	ns
緱氏	ns
滑州	ns
孟州	ns
河陽	ns
溫縣	ns
濟源	ns
汜水	ns
河陰	ns
王屋	ns
蔡州	ns
汝陽	ns
上蔡	ns
新蔡	ns
褒信	ns
平輿	ns
遂平	ns
新息	ns
確山	ns
真陽	ns
西平	ns
穎州	ns
汝陰	ns
瀛州	ns
河間	ns
束城	ns
槁城	ns
井陘	ns
獲鹿	ns
平山	ns
行唐	ns
楊國	ns
懷國	ns
恭國	ns
思國	ns
靈壽	ns
相州	ns
郯國	ns
邕國	ns
莘國	ns
簡國	ns
淄國	ns
涪國	ns
順國	ns
韶國	ns
霍國	ns
雍國	ns
鄠國	ns
鄂國	ns
郢國	ns
邢國	ns
欒城	ns
真定	ns
樂壽	ns
乾寧	ns
博州	ns
聊城	ns
高唐	ns
堂邑	ns
博平	ns
棣州	ns
厭次	ns
商河	ns
陽信	ns
莫州	ns
任邱	ns
雄州	ns
歸信	ns
容城	ns
霸州	ns
文安	ns
大城	ns
德州	ns
安德	ns
平原	ns
濱州	ns
渤海	ns
招安	ns
恩州	ns
清州	ns
都濡	ns
夔州	ns
洋水	ns
上津	ns
廬江	ns
巢縣	ns
無為	ns
解州	ns
麻城	ns
黃陂	ns
黃岡	ns
黃州	ns
仙居	ns
光山	ns
固始	ns
定城	ns
蔣州	ns
光州	ns
定遠	ns
鍾離	ns
濠州	ns
太湖	ns
望江	ns
宿松	ns
桐城	ns
懷寧	ns
解縣	ns
舒州	ns
烏江	ns
含山	ns
歷陽	ns
三川	ns
直羅	ns
鄜城	ns
橫山	ns
常熟	ns
崑山	ns
吳江	ns
長洲	ns
吳縣	ns
定平	ns
蘇州	ns
桐廬	ns
武康	ns
南新	ns
昭德	ns
昌化	ns
鹽官	ns
荊山	ns
新登	ns
於潛	ns
富陽	ns
臨安	ns
餘杭	ns
仁和	ns
錢江	ns
錢塘	ns
鄜州	ns
杭州	ns
洛交	ns
洛川	ns
和州	ns
黃梅	ns
廣濟	ns
淮平	ns
海門	ns
靜海	ns
崇州	ns
通州	ns
真州	ns
上洛	ns
全椒	ns
來安	ns
清流	ns
滁州	ns
招信	ns
昭義	ns
臨淮	ns
承州	ns
盱眙	ns
泗州	ns
商洛	ns
如皋	ns
興化	ns
海陵	ns
泰州	ns
洛南	ns
東海	ns
沭陽	ns
朐山	ns
豐陽	ns
商州	ns
朱陽	ns
羅田	ns
粱縣	ns
蘄水	ns
蘄春	ns
蘄州	ns
六安	ns
壽春	ns
霍丘	ns
安豐	ns
下蔡	ns
聞喜	ns
安邑	ns
壽州	ns
舒城	ns
慎縣	ns
欒川	ns
合肥	ns
廬州	ns
慶州	ns
清河	ns
五河	ns
淮安	ns
安化	ns
合水	ns
彭原	ns
虢州	ns
虢略	ns
潤州	ns
永壽	ns
丹徒	ns
西安	ns
白龍	ns
劍川	ns
龍泉	ns
麗水	ns
處州	ns
開化	ns
信安	ns
常山	ns
盈川	ns
龍遊	ns
禮賢	ns
江山	ns
衢州	ns
遂昌	ns
天台	ns
寧海	ns
黃巖	ns
臨海	ns
台州	ns
浦江	ns
武義	ns
永康	ns
蘭溪	ns
義烏	ns
東陽	ns
金華	ns
松陽	ns
縉雲	ns
樂清	ns
廣德	ns
歙縣	ns
徽州	ns
歙州	ns
旌德	ns
寧國	ns
涇縣	ns
南陵	ns
宣城	ns
蒲城	ns
宣州	ns
銅陵	ns
青陽	ns
繁昌	ns
青田	ns
蕪湖	ns
溧陽	ns
溧水	ns
句容	ns
江寧	ns
上元	ns
華陰	ns
昇州	ns
渭南	ns
耀州	ns
華原	ns
慶元	ns
婺州	ns
瑞安	ns
丹陽	ns
德清	ns
清溪	ns
建德	ns
新平	ns
嚴州	ns
睦州	ns
江陰	ns
宜興	ns
義興	ns
無錫	ns
武進	ns
晉陵	ns
常州	ns
長興	ns
遂安	ns
安吉	ns
歸安	ns
烏程	ns
宜祿	ns
湖州	ns
崇德	ns
海鹽	ns
嘉興	ns
三水	ns
秀州	ns
金壇	ns
延陵	ns
分水	ns
壽昌	ns
平陽	ns
蕭山	ns
永嘉	ns
富平	ns
溫州	ns
昌國	ns
象山	ns
定海	ns
慈溪	ns
奉化	ns
鄞縣	ns
三原	ns
明州	ns
新昌	ns
上虞	ns
邠州	ns
餘姚	ns
諸暨	ns
嵊縣	ns
剡縣	ns
會稽	ns
山陰	ns
雲陽	ns
越州	ns
同官	ns
美原	ns
安國	ns
淳化	ns
海州	ns
淮陰	ns
洪都	ns
鹽城	ns
洪洞	ns
臨汾	ns
晉州	ns
武鄉	ns
銅鞮	ns
涉縣	ns
壺關	ns
黎城	ns
潞城	ns
襄垣	ns
屯留	ns
上黨	ns
潞州	ns
清源	ns
祁縣	ns
文水	ns
交城	ns
盂縣	ns
壽陽	ns
榆次	ns
太谷	ns
平晉	ns
陽曲	ns
銀州	ns
并州	ns
定邊	ns
襄陵	ns
神山	ns
趙城	ns
太平	ns
隰川	ns
隰州	ns
唐林	ns
繁畤	ns
五臺	ns
崞縣	ns
鴈門	ns
代州	ns
垣曲	ns
絳縣	ns
稷山	ns
翼城	ns
曲沃	ns
汾西	ns
正平	ns
絳州	ns
連谷	ns
銀城	ns
新秦	ns
麟州	ns
府谷	ns
府州	ns
岳陽	ns
和川	ns
冀氏	ns
霍邑	ns
敷川	ns
會州	ns
樂州	ns
靈臺	ns
鳳州	ns
栗亭	ns
同谷	ns
成州	ns
隴安	ns
吳山	ns
汧陽	ns
汧源	ns
隴州	ns
狄道	ns
熙州	ns
良原	ns
長武	ns
河池	ns
保定	ns
涇州	ns
長道	ns
大潭	ns
郿縣	ns
寶雞	ns
虢縣	ns
清水	ns
隴城	ns
天水	ns
成紀	ns
秦州	ns
梁泉	ns
兩當	ns
湟州	ns
抱罕	ns
廓州	ns
洮州	ns
天興	ns
隴西	ns
鞏州	ns
岐山	ns
隴干	ns
扶風	ns
盩厔	ns
蘭泉	ns
蘭州	ns
河縣	ns
河州	ns
岷州	ns
將利	ns
福津	ns
階州	ns
彭陽	ns
臨涇	ns
原州	ns
華亭	ns
崇信	ns
潘原	ns
平凉	ns
渭州	ns
祐川	ns
溫泉	ns
蒲縣	ns
大寧	ns
靈仙	ns
媯州	ns
縉山	ns
儒州	ns
文德	ns
襄樂	ns
望雲	ns
礬山	ns
永興	ns
真寧	ns
廣陵	ns
靈丘	ns
飛狐	ns
蔚州	ns
定安	ns
馬邑	ns
寧遠	ns
鄯陽	ns
朔州	ns
渾源	ns
金城	ns
應州	ns
神武	ns
武州	ns
懷安	ns
懷仁	ns
奉義	ns
懷來	ns
寧州	ns
天成	ns
衛貞	ns
寶應	ns
漣水	ns
山陽	ns
楚州	ns
靈壁	ns
零壁	ns
虹縣	ns
蘄縣	ns
符離	ns
宿州	ns
臨渙	ns
鹿邑	ns
真源	ns
揚州	ns
永城	ns
酇縣	ns
蒙城	ns
城父	ns
譙縣	ns
亳州	ns
六合	ns
永正	ns
泰興	ns
高郵	ns
天長	ns
江都	ns
長青	ns
雲中	ns
石樓	ns
陽城	ns
嵐谷	ns
合河	ns
宜芳	ns
嵐州	ns
元池	ns
天池	ns
樓煩	ns
靜樂	ns
憲州	ns
沁水	ns
陵川	ns
端氏	ns
高平	ns
石州	ns
晉城	ns
澤州	ns
靈石	ns
孝義	ns
介休	ns
平遙	ns
西河	ns
汾州	ns
定襄	ns
秀容	ns
忻州	ns
吉鄉	ns
寧化	ns
離石	ns
大同	ns
好畤	ns
坊州	ns
中部	ns
宜君	ns
丹州	ns
宜川	ns
雲巖	ns
環州	ns
沁州	ns
文城	ns
鄉寧	ns
慈州	ns
醴州	ns
樂平	ns
平夷	ns
平定	ns
綿上	ns
沁源	ns
豐州	ns
榆社	ns
和順	ns
平城	ns
遼山	ns
遼州	ns
方山	ns
臨泉	ns
定胡	ns
休寧	ns
祁門	ns
婺源	ns
績溪	ns
長江	ns
蓬溪	ns
小溪	ns
方義	ns
櫟陽	ns
遂州	ns
安泰	ns
永泰	ns
東關	ns
銅山	ns
飛烏	ns
通泉	ns
鹽亭	ns
射洪	ns
涪城	ns
中江	ns
元武	ns
郪縣	ns
梓州	ns
高陵	ns
興平	ns
臨潼	ns
籍縣	ns
貴平	ns
井研	ns
仁壽	ns
陵州	ns
青石	ns
遂寧	ns
果州	ns
昌州	ns
石照	ns
合州	ns
咸陽	ns
醴泉	ns
涇陽	ns
合江	ns
江安	ns
瀘川	ns
瀘州	ns
永川	ns
昌元	ns
大足	ns
樂至	ns
南充	ns
安居	ns
普康	ns
安岳	ns
普州	ns
內江	ns
龍水	ns
資陽	ns
磐石	ns
資州	ns
相如	ns
西充	ns
流溪	ns
通化	ns
保寧	ns
威州	ns
巴西	ns
德陽	ns
綿竹	ns
什邡	ns
雒縣	ns
漢州	ns
西昌	ns
鹽泉	ns
龍安	ns
神泉	ns
羅江	ns
魏城	ns
彰明	ns
綿州	ns
洪雅	ns
濛陽	ns
永昌	ns
九龍	ns
彭州	ns
江原	ns
新津	ns
晉原	ns
蜀州	ns
青神	ns
丹稜	ns
彭山	ns
眉山	ns
嘉州	ns
夾江	ns
維州	ns
雅州	ns
平泉	ns
陽安	ns
簡州	ns
汶川	ns
汶山	ns
茂州	ns
武功	ns
榮經	ns
百丈	ns
名山	ns
蘆山	ns
嚴道	ns
乾祐	ns
峨眉	ns
通望	ns
漢源	ns
黎州	ns
臨溪	ns
火井	ns
蒲江	ns
大邑	ns
依政	ns
臨邛	ns
邛州	ns
平羌	ns
犍為	ns
漢初	ns
巴川	ns
赤水	ns
難江	ns
長舉	ns
順政	ns
沔州	ns
興州	ns
曲水	ns
文州	ns
七盤	ns
其章	ns
清化	ns
通江	ns
曾口	ns
恩陽	ns
化城	ns
蓬池	ns
巴州	ns
臨津	ns
劍門	ns
普城	ns
武連	ns
陰平	ns
梓潼	ns
普安	ns
遵化	ns
劍州	ns
晉安	ns
西水	ns
蓬州	ns
儀隴	ns
奉國	ns
玉田	ns
黔江	ns
彭水	ns
順州	ns
黔州	ns
大昌	ns
巫山	ns
奉節	ns
普潤	ns
懷柔	ns
薊州	ns
魚陽	ns
三河	ns
符陽	ns
朗池	ns
白石	ns
壁州	ns
集州	ns
景州	ns
清川	ns
江油	ns
政州	ns
龍州	ns
蓬山	ns
良山	ns
伏虞	ns
營山	ns
新政	ns
新井	ns
銅梁	ns
藍田	ns
渠江	ns
長安	ns
金堂	ns
金水	ns
萬年	ns
鄰山	ns
鄰水	ns
大竹	ns
流江	ns
渠州	ns
樊川	ns
鄠縣	ns
南溪	ns
新明	ns
宜賓	ns
義賓	ns
棘道	ns
敘州	ns
戎州	ns
公井	ns
應靈	ns
資官	ns
威遠	ns
榮德	ns
旭川	ns
榮州	ns
岳池	ns
迴樂	ns
南部	ns
利州	ns
蒼溪	ns
閬中	ns
閬州	ns
真符	ns
西鄉	ns
興道	ns
洋州	ns
平蜀	ns
昭化	ns
嘉川	ns
葭萌	ns
綿穀	ns
褒城	ns
九支	ns
城固	ns
廉水	ns
南鄭	ns
西縣	ns
三泉	ns
靈州	ns
慶符	ns
祥州	ns
承流	ns
仁懷	ns
滋州	ns
安溪	ns
眉州	ns
益州	ns
奉天	ns
萬載	ns
瑞州	ns
筠州	ns
南豐	ns
南城	ns
金谿	ns
宜黃	ns
樂安	ns
崇仁	ns
臨川	ns
撫州	ns
新喻	ns
建城	ns
萍鄉	ns
上高	ns
分宜	ns
宜春	ns
袁州	ns
新淦	ns
萬安	ns
永新	ns
泉江	ns
太和	ns
安福	ns
吉水	ns
廬陵	ns
吉州	ns
高安	ns
清江	ns
南康	ns
醴陵	ns
道州	ns
常寧	ns
耒陽	ns
茶陵	ns
衡陽	ns
衡州	ns
寧鄉	ns
湘陰	ns
瀏陽	ns
益陽	ns
湘鄉	ns
攸縣	ns
衡山	ns
澄城	ns
善化	ns
湘潭	ns
長沙	ns
潭州	ns
臨真	ns
敷政	ns
甘泉	ns
南安	ns
同州	ns
通山	ns
大冶	ns
馮翊	ns
上猶	ns
大庾	ns
終南	ns
饒州	ns
永豐	ns
鉛山	ns
貴溪	ns
弋陽	ns
玉山	ns
上饒	ns
信州	ns
安仁	ns
德興	ns
浮梁	ns
餘干	ns
鄱陽	ns
石埭	ns
鄭縣	ns
貴池	ns
池州	ns
東流	ns
都昌	ns
星子	ns
彭澤	ns
湖口	ns
瑞昌	ns
德安	ns
德化	ns
江州	ns
黟縣	ns
下邽	ns
華州	ns
虔南	ns
武寧	ns
龍南	ns
安遠	ns
瑞金	ns
會昌	ns
雩都	ns
信豐	ns
興國	ns
虔化	ns
贛縣	ns
贛州	ns
虔州	ns
靖安	ns
分寧	ns
當塗	ns
豐城	ns
奉新	ns
新建	ns
進賢	ns
南昌	ns
朝邑	ns
洪州	ns
郃陽	ns
建平	ns
白水	ns
建昌	ns
韓城	ns
營道	ns
永明	ns
江華	ns
永州	ns
湖城	ns
招諭	ns
麻陽	ns
盧溪	ns
辰溪	ns
敘浦	ns
沅陵	ns
辰州	ns
巴東	ns
興山	ns
秭歸	ns
歸州	ns
沅江	ns
臨湘	ns
平江	ns
華容	ns
巴陵	ns
開封	ns
岳州	ns
遠安	ns
長陽	ns
宜都	ns
夷陵	ns
峽州	ns
慈利	ns
石門	ns
安鄉	ns
芮城	ns
靈寶	ns
夏縣	ns
三江	ns
河東	ns
壽軍	ns
永樂	ns
臨晉	ns
沔陽	ns
玉沙	ns
景陵	ns
復州	ns
羅山	ns
信陽	ns
猗氏	ns
羅蒙	ns
會同	ns
平陸	ns
靖州	ns
虞鄉	ns
誠州	ns
萬泉	ns
渠陽	ns
黔陽	ns
盧陽	ns
沅州	ns
龍門	ns
榮河	ns
陝州	ns
陜縣	ns
澧陽	ns
澧州	ns
龍陽	ns
門山	ns
膚施	ns
酃縣	ns
延川	ns
延水	ns
延長	ns
灌陽	ns
清湘	ns
全州	ns
蒔竹	ns
武岡	ns
新化	ns
邵陽	ns
邵州	ns
臨岡	ns
藍山	ns
桂東	ns
高亭	ns
宜章	ns
桂陽	ns
興寧	ns
彬縣	ns
郴縣	ns
郴州	ns
東安	ns
祁陽	ns
零陵	ns
綏寧	ns
新寧	ns
桃源	ns
崇陽	ns
武陵	ns
閿鄉	ns
鼎州	ns
朗州	ns
硤石	ns
嘉魚	ns
通城	ns
咸寧	ns
蒲圻	ns
武昌	ns
漢川	ns
漢陽	ns
江夏	ns
延州	ns
鄂州	ns
當陽	ns
長林	ns
建寧	ns
石首	ns
枝江	ns
松滋	ns
監利	ns
潛江	ns
公安	ns
江陵	ns
純州	ns
燕	ns
